date,ticker,title,score,num_comments
2025-08-02,GOOGL,GOOGL question?,26,20
2025-08-01,AMZN,"Today, $AMZN dropped by 8%. Was this caused by the impact of the tariff policy?",286,132
2025-08-01,NVDA,China State Media Questions Nvidia's Chip Security Will It Hit $NVDAâ€™s China Sales Again?,11,10
2025-08-01,GOOGL,Google stock and its future,0,26
2025-07-31,AMZN,"Since 7/5/21 when Andy Jassy was named CEO, AMZN is up 18.3%, while the S&P is up 45.1%.",440,125
2025-07-31,META,META will have to stop buybacks or offer debt to fund AI investment,34,20
2025-07-31,AMZN,Absolutely everything you need to know about AMZN earnings today,119,37
2025-07-31,MSFT,Is MSFT still a buy?,44,127
2025-07-31,AAPL,"$AAPL reports tomorrow $200 or $240, playing straddle!",38,19
2025-07-30,META,"Meta beats Q2 expectations, stock jumps on better than anticipated Q3 outlook",264,164
2025-07-29,NVDA,Is Oklo/SMR/TerraPower the next NVDA/AMD/Intel?,0,53
2025-07-29,GOOGL,Googleâ€™s â€œmonopolyâ€ breakup is a Swiss Cheese stance,180,54
2025-07-29,MSFT,MSFT reports 30July,19,9
2025-07-29,META,Meta Capex and Opex will shake Wallstreet to the core.,13,15
2025-07-29,NVDA,Better to swap NVDA with AMD?,118,144
2025-07-29,GOOGL,Is Google's every Tech Company bigger competitor?,349,87
2025-07-29,GOOGL,What makes Google so low?,476,274
2025-07-25,NVDA,$1B in Nvidia AI chips smuggled to China despite Trump export controls  What does this mean for NVDA investors?,308,61
2025-07-24,NVDA,Still long NVDA and adding on dips,47,11
2025-07-23,TSLA,I guess it is finally time to short $TSLA,363,353
2025-07-23,TSLA,"TSLA is about to release a new round of financial results, under the heavy â€œheadwindsâ€, can Musk rebuild market confidence?",0,43
2025-07-23,GOOGL,Taking stock of Alphabet (GOOGL GOOG),210,119
2025-07-22,GOOGL,Is Google new AI model release Gemini 2.5 Flash-Lite worth keeping an eye on?,24,22
2025-07-22,TSLA,$TSLA RSI at 35: Is the Selloff Overdone or Just Getting Started?,0,32
2025-07-21,AMZN,"Morgan Stanley: AMZN Top Pick, Boosts Internet Stock Outlook",11,3
2025-07-21,GOOGL,DOJ antitrust case against Google could hit Apple harder than expected $20Byear in question,104,22
2025-07-15,NVDA,NVDA eyes fresh highs as China sales may resume,76,10
2025-07-12,GOOGL,"Google to Pay $2.4 Billion in Deal to License Tech of Coding Startup, Hire CEO",361,69
2025-07-12,GOOGL,ChatGPT hit 100M users ~3 years ago. Google search shows no decline $GOOG,1453,508
2025-07-10,NVDA,NVDA In-Depth Discussion Post: why do AI giants continue to strengthen? Up or down? My view at the end.,4,8
2025-07-10,GOOGL,Thinking of exiting my Google position because of ChatGPT's coming browser,305,460
2025-07-10,GOOGL,OpenAI to release web browser in challenge to Google Chrome,179,138
2025-07-07,META,Apple Loses Top AI Models Executive to Metaâ€™s Hiring Spree,529,196
2025-07-04,AAPL,AAPL = uncompensated risk?,0,38
2025-07-04,NVDA,"FSLR, APPL, CRWV, NVDA seem to be nearing overbought territory to me. What are you looking at?",10,62
2025-07-03,NVDA,"NVDA near $4 trillion  Iâ€™m not chasing blindly, but watching close",295,110
2025-07-03,AMZN,I think its time to finally say something about AMZNâ€¦â€¦,0,90
2025-07-03,GOOGL,Are you missing the rally?  Going from SCHD to META/GOOGL/QQQ,0,20
2025-07-02,GOOGL,OpenAI says no plans to use Google's self-developed chips,81,22
2025-07-01,GOOGL,Google stock being pushed,0,42
2025-07-01,META,What is Meta's End Game giving away LLM,31,34
2025-06-30,TSLA,TSLAQ2 Deliveries Slated at ~395K Vehicles (â€“11% YoY) as Musk Prioritizes AI & Robotaxi,58,46
2025-06-30,AAPL,Is AAPL still worth holding onto?,0,67
2025-08-02,TSLA,TSLA Long Calls - Currently Down,16,47
2025-08-01,TSLA,Thank you TSLA for giving the shorts a break,21,9
2025-07-31,AAPL,APPLE $AAPL JUST REPORTED EARNINGS. DOUBLE BEAT!,1617,206
2025-07-31,AAPL,AAPL PUTS,21,36
2025-07-31,TSLA,TSLA puts finally cashed in,29,9
2025-07-31,META,Fucking META ðŸ“ˆðŸ—¿,393,35
2025-07-31,MSFT,$MSFT dub,20,5
2025-07-31,MSFT,MSFT Calls Went Nuclear ðŸ’¥ +148% Today!,63,6
2025-07-31,NVDA,Nvda 200 calls,8,19
2025-07-31,META,+50k on $META $730 Calls. Z*ck my C*ck,181,11
2025-07-31,NVDA,Wish I can add more NVDA,157,50
2025-07-31,META,Meta is saving my portfolio,45,19
2025-07-31,AMZN,AMZN YOLO,35,7
2025-07-31,NVDA,991% gain on NVDA for $192k,1072,97
2025-07-30,META,$META JUST REPORTED EARNINGS â€“ HERE ARE THE NUMBERS,968,320
2025-07-30,MSFT,MICROSOFT $MSFT JUST REPORTED EARNINGS,779,236
2025-07-30,NVDA,NVDA GAINS BABY,216,28
2025-07-30,META,META go brr?,190,104
2025-07-30,GOOGL,July'25 has been good thanks to Google! Small Gains.,55,14
2025-07-29,META,Never META mother Zucker like me,109,64
2025-07-28,TSLA,TSLA,0,11
2025-07-28,TSLA,"Not rushing to sell, but TSLA calls paid hard today wheel strategy can wait",20,7
2025-07-28,AMZN,$355k Earnings Week Yolo $meta $amzn $hood $ba $roku  $bkng + Extensive DD,302,67
2025-07-28,TSLA,12k gains on TSLA calls while sipping my morning coffee,221,38
2025-07-27,GOOGL,"$GOOGL | Reports of Searchâ€™s Death Have Been Greatly Exaggerated, NEW ATH INCOMING",994,214
2025-07-27,META,Is META cooked?,663,583
2025-07-26,TSLA,"3k day, 7k month TSLA",140,24
2025-07-25,TSLA,Yolo swaggins TSLA +30k in minutes,143,27
2025-07-25,TSLA,Easy $17k in a day on TSLA,139,36
2025-07-25,META,META weeklies printing!,15,5
2025-07-25,GOOGL,AI eating up google's search business,2850,310
2025-07-25,GOOGL,$GOOGL YOLO - The Dip to $191 was a Gift from the Volatility Gods,330,105
2025-07-24,GOOGL,First Ever Option Trade GOOGL $175 Call 9/19 wish me luck!,155,29
2025-07-24,NVDA,Bought NVDA during the initial tariff dip andâ€¦.,539,31
2025-07-23,GOOGL,Alphabet Q2 Earnings $GOOGL $GOOG,336,66
2025-07-23,TSLA,$TSLA Earnings: how many times has Elon tweeted today?,57,41
2025-07-22,NVDA,NVDA will see a massive correction as the ai bubble pops,1,177
2025-07-21,NVDA,"Need to diversify from NVDA after 5,508% gain",84,44
2025-07-21,NVDA,Muted Results but Booming Guidance: NVDA Q2 Earnings Analysis,54,16
2025-07-21,AAPL,"Risk-defined LEAPS strategy on $AAPL 13.05 entry, already up $9K",9,3
2025-07-19,TSLA,$14k in a day (TSLA Puts),70,10
2025-07-19,GOOGL,Googleâ€™s AI Awakening: Earnings Bull Case,299,155
2025-07-18,TSLA,"Last deal of the week, TSLA call",6,6
2025-07-18,TSLA,TSLA & BABA GAINS ðŸ’¥,20,7
2025-07-17,TSLA,TSLA paid for my rent. Tomorrow it might take my soul.,7,3
2025-07-17,TSLA,Lost $20K on TSLA Puts but made $42K on OPEN Calls,331,23
2025-07-16,NVDA,"I also did a thing. (NVDA 85,000% ROI)",48,12
2025-07-16,TSLA,Paper handed TSLA calls,24,17
2025-07-16,NVDA,NVDA GAIN ðŸš€,153,18
2025-08-01,NVDA,Would You Rather Hold NVDA or VOO for the Next 6 Months?,0,24
2025-07-31,META,META will have to stop buybacks or offer debt to offset AI investment cost,59,23
2025-07-31,META,Where do we go from here? Meta and Microsoft earnings,140,101
2025-07-30,GOOGL,Help Understanding Google Finance Lists,2,5
2025-07-30,META,If META doesn't break to all time high on earnings - Market is cooked,0,7
2025-07-29,META,Meta- what are your expectations/thoughts?,0,6
2025-07-25,TSLA,Someone please explain $TSLA rebounding like it is,260,329
2025-07-24,GOOGL,Should I diversify out of google?,24,47
2025-07-16,NVDA,Just Need advice on $NVDA holding,0,34
2025-07-12,NVDA,Why not 100% Nvda? Theyâ€™re everywhere.,0,35
2025-07-10,META,Metaâ€™s $3.5 Billion Bet on EssilorLuxottica: Why Your Next Pair of Glasses Might Be Smarter Than Your Phone,33,31
2025-08-02,NVDA,The US Stock Market Runs on NVDA,185,62
2025-07-31,META,Meta Is on the Hunt for AI Video Deals,1,0
2025-07-31,META,Bessent indicates U.S. willing to work with Canada on metals tariffs,213,96
2025-07-30,META,"Meta shares climb 10% on revenue beat, raised forecast",113,17
2025-07-30,MSFT,MSFT â€œstaircase to heavenâ€ on this weekly chartâ€¦ 15th green candle in a row.,101,14
2025-07-24,GOOGL,"Grok Roasting AI overkill, after since Google search numbers are up suggesting AI adaptation is not universal",0,4
2025-07-23,GOOGL,Google Crushes Earningsâ€¦ and the Stock Drops? Classic Market Nonsense.,208,134
2025-07-11,NVDA,Who followed NVDA recommendation?,277,73
2025-07-09,META,Meta scam ads,20,18
2025-07-02,META,The Metals Company ($TMC) - King of Critical Minerals?,26,24
2025-07-01,TSLA,Is that why TSLA plummeted?,7814,770
2025-06-24,TSLA,"TSLA investors, how do you handle such uncertainty and such volatility?",0,17
2025-06-11,TSLA,Musk's regret caused TSLA's sudden surge. What's wrong with this?,1115,318
2025-06-10,GOOGL,"Google offers buyouts to employees across the company, including Search",243,8
2025-06-10,META,Scale+Meta/OpenAi+Apple... impact on Palantir?,1,10
2025-06-08,AMZN,AMZN + ASTS = Global Sovereign Connectivity and Cloud Services,117,21
2025-06-06,META,META is the best performing mega cap stock YTD.  Which ticker do you think will perform best for the remainder of the year?,72,50
2025-06-06,TSLA,"(06/6) Trump, TSLA, IPOs, and Rockets! Interesting Stocks Today.",10,3
2025-06-04,META,Shiny Rocks Not Stocks - Financial Repression and the Bull Case for Metals,32,20
2025-06-04,AAPL,Apple ($AAPL) stock forms 'death cross',115,72
2025-06-03,GOOGL,Samsung could drop Google Gemini in favor of Perplexity for Galaxy S26,39,0
2025-06-02,GOOGL,Alphabet stock could fall as much as 25% in 'black swan event' if judge orders Google Chrome divestiture,567,96
2025-05-29,NVDA,Why does everyone love NVDA but nobody cares about AMD?,108,176
2025-05-26,NVDA,Nvidia (NVDA) to Help Build Swedenâ€™s First AI Infrastructure,32,2
2025-05-22,GOOGL,Google faces antitrust investigation over deal for AI-fueled chatbots,20,2
2025-05-22,TSLA,"Senate Votes to End California Gas-Car Ban, Sends Bill to Trump - TSLA: Another bunch of calls?",194,106
2025-05-20,NVDA,Foxconn to Build 100 MW AI Data Center With Nvidia (NVDA),26,2
2025-05-20,GOOGL,Warby Parker pops 15% on $150 million Google smart glasses partnership,14,2
2025-08-02,GOOGL,I am sharing my Google Sheet that tracks my wheel-strategy for selling puts and calls :),63,30
2025-08-01,AMZN,AMZN Call,1,37
2025-07-31,META,"fellow Canadians, have you started considering options after the Meta and Microsoft earning?",28,36
2025-07-31,AMZN,"AMZN reports tomorrow, playing straddle?",0,15
2025-07-28,META,META and Hood Options,9,30
2025-07-28,NVDA,NVDA 180C 15 Aug 25 @,0,15
2025-07-26,NVDA,NVDA 19 SEP 25 175 â‚¬ 100,7,42
2025-07-26,TSLA,Long straddle TSLA,1,12
2025-07-24,NVDA,NVDA,0,6
2025-07-24,NVDA,Sell calls on Jan 2027 long call position on NVDA?,2,8
2025-07-23,GOOGL,Collecting Theta on GOOGL,18,15
2025-07-23,GOOGL,$GOOGL,61,96
2025-07-19,TSLA,New TSLA Collar Trade,6,11
2025-07-18,NVDA,NVDA -Call option 10/17,3,29
2025-07-18,NVDA,Monthly Options Expiration Day - Final Minute Price Swing (NVDA),3,1
2025-07-18,NVDA,Seeking advice on NVDA,16,18
2025-07-17,NVDA,Managing ITM NVDA Call Credit Spreads?,4,3
2025-07-16,NVDA,Some insight on nvda call?,0,10
2025-07-15,AAPL,AAPL Weekly Spread Experienceâ€”Is This Sustainable or Just Gambling?,8,14
2025-07-12,AAPL,$Aapl 270 1/16/26 calls,2,22
2025-07-12,TSLA,TSLA unusual sweep trades today - Any idea?,2,10
2025-07-11,NVDA,Is a 6-month NVDA $145 call worth it?,6,49
2025-07-11,NVDA,Will Time Decay Hurt My Deep ITM LEAPS If NVDA Keeps Rising?,39,31
2025-07-09,TSLA,Is straddle 295 (30.88+-)on TSLA a good strategy now?,1,4
2025-07-08,NVDA,7/7 NVDA Squeeze,0,5
2025-07-07,TSLA,TSLA Put Sell Option 8/1/2025 -  250 Strike earning $5,9,9
2025-07-02,TSLA,Close 7/3 covered call tsla?,5,22
2025-07-01,TSLA,TSLA puts potential for tomorrow,62,73
2025-06-27,NVDA,Managing deep ITM NVDA calls,44,43
2025-06-23,MSFT,Need guidance on a MSFT - Poor Man's Covered call,6,19
2025-06-21,META,$200/Contract Move on META â€“ Exit on RSI Flip (2-Min) ðŸ”„,1,3
2025-06-19,TSLA,For those with experience trading TSLA. I feel like IV >>> Theta,5,19
2025-06-16,TSLA,"Zero-lag momentum indicator for options timing - NVDA, TSLA, SMR examples",1,6
2025-06-14,GOOGL,GOOGL or PYPL on 9/19,3,6
2025-06-13,TSLA,[TSLA] Jun 13 â€™25 310C +105% in 3 Days on EV Rebound ðŸš€,12,4
2025-06-13,AAPL,Do I Need to Close My AAPL Put Spread? or brokerage will take care of it?,2,33
2025-06-12,AAPL,A low-risk AAPL backratio,8,5
2025-06-10,TSLA,TSLA calls,32,43
2025-06-09,TSLA,"Any Options Picker Service for SPX, TSLA etc?",0,5
2025-06-07,TSLA,"TSLA spread sold (0.05) and got bought back (0.15) in 20 minutes, typical or unique situation?",5,23
2025-06-06,TSLA,TSLA  a short?,7,28
2025-06-04,META,Sold covered call for Meta @700,0,63
2025-04-11,TSLA,TSLA death cross....going down to 150. Sold my position. Buying Puts.,19,12
2024-10-29,AMZN,AMZN - Blue Duck Capital Partners Letter to BoD,11,2
2024-10-28,META,The Complete History and Strategy of Meta,11,0
2024-07-10,META,Interviewing Meta CTO Andrew Bosworth,6,0
2024-04-26,MSFT,Alphabet (GOOGL) & Microsoft (MSFT) Earnings Reviews,2,0
2024-01-29,META,Silgan (SLGN) Deep Dive: Metal cans and maker of dispensing packaging products,3,0
2024-01-12,GOOGL,"Google Shut the Door on Competition, AI Swung it Back Open",0,0
2023-12-09,GOOGL,Takeaways from Google's Antitrust Trial,0,0
2023-11-22,NVDA,$NVDA Thoughts Post 3Q Results,9,6
2023-11-13,META,"WhatsApp's inflection, LLM network effects, and another Meta win",7,0
2023-09-11,TSLA,TSLA: Big upgrade from Morgan Stanley!,1,0
2023-08-20,META,Meta Platforms & Mark Zuckerberg: Going Deep with Mostly Borrowed Ideas (MBI)! ðŸ•µï¸â€â™‚ï¸ðŸ©»,8,3
2023-08-09,NVDA,Is NVDA's gain the rest of the server industry's loss?,6,0
2025-06-29,META,Meta Labeling for Algorithmic Trading: How to Amplify a Real Edge,552,79
2025-04-20,META,Does MetaTrader 5 backtest is reliable ? Results looks good on my custom bot,25,34
2025-08-02,GOOGL,"After Backlash, ChatGPT Removes Option to Have Private Chats Indexed by Google",1720,108
2025-08-02,GOOGL,Google loses appeal in antitrust battle with Fortnite maker,100,1
2025-08-01,GOOGL,ChatGPT users shocked to learn their chats were in Google search results | OpenAI scrambles to remove personal ChatGPT conversations from Google results.,4092,117
2025-08-01,GOOGL,"Epic just won its Google lawsuit again, and Android may never be the same",3497,391
2025-08-01,GOOGL,Your public ChatGPT queries are getting indexed by Google and other search engines,79,13
2025-08-01,GOOGL,Google AI model mines trillions of images to create maps of Earth â€˜at any place and timeâ€™,20,4
2025-08-01,META,Meta brought AI to rural Colombia. Now students are failing exams,413,26
2025-08-01,GOOGL,"Google loses app store antitrust appeal, must make sweeping changes to Play Store",223,9
2025-07-31,META,"Zuckerberg says Meta needs to be â€˜careful about what we choose to open-source,â€™ citing risks from superintelligence",393,79
2025-07-31,GOOGL,Google loses US appeal over app store reforms in Epic Games case,146,9
2025-07-31,META,Metaâ€™s Reality Labs posts $4.53 billion loss in second quarter,4672,324
2025-07-31,GOOGL,Google is experimenting with machine-learning powered age estimation tech in the U.S.,31,7
2025-07-31,GOOGL,"Google tool misused to scrub tech CEOâ€™s shady past from search | Google has fixed the bug, which it says affected only ""a tiny fraction of websites.""",521,14
2025-07-31,GOOGL,Google to invest $6 billion in India for Asiaâ€™s biggest datacentre project: Report - The Times of India,30,3
2025-07-31,META,"Meta sees early signs of self-improving AI, signals caution on open source plans",0,1
2025-07-31,GOOGL,Google has turned 2 billion smartphones into a global earthquake warning system â€” it's just as effective as seismometers,160,47
2025-07-31,META,Zuckerberg claims â€˜superintelligence is now in sightâ€™ as Meta lavishes billions on AI,0,25
2025-07-31,META,Ray-Ban Meta Sales Triple as Glasses Become â€˜Next Computing Platformâ€™,0,17
2025-07-31,META,Meta to spend up to $72B on AI infrastructure in 2025 as compute arms race escalates,39,16
2025-07-30,GOOGL,Google is using AI age checks to lock down user accounts,600,105
2025-07-30,META,"Meta's Q2 Pummels Wall Street Forecasts, Daily Active Users Hit 3.48 Billion",745,383
2025-07-30,GOOGL,EU Age Verification App to Ban Android Apps Not Licensed by Google,174,46
2025-07-30,META,"Meta & Stanford's Ultra-Thin Holographic Display Brings ""VR Glasses"" Closer To Reality",0,7
2025-07-30,META,"Meta, YouTube, TikTok fight back as Australia's social media restrictions for teens draw closer",28,6
2025-07-30,GOOGL,Google to sign EU's AI code of practice despite concerns,18,0
2025-07-30,GOOGL,Google users are less likely to click on links when an AI summary appears in the results,179,62
2025-07-30,GOOGL,Google's AI overhaul of online search set to cause chaos for web businesses,74,3
2025-07-29,META,Meta Is Going to Let Job Candidates Use AI During Coding Tests,19,16
2025-07-29,GOOGL,How Google profits even as its AI summaries reduce web ads,9,1
2025-07-29,GOOGL,"'Ok Google, turn on the lights' is mysteriously broken for many users right now | Users report not being able to control groups of lights in a room with their Google Nest smart speakers.",125,75
2025-07-29,GOOGL,"No longer a dream job: 75% of American graduates are walking away from Google, Meta and Big Tech ambitions",13383,746
2025-07-29,META,Social Media Services Aren't Liable for Buffalo Mass-Shooting-Patterson v. Meta,19,22
2025-07-28,META,"Meta pirated and seeded porn for years to train AI, lawsuit says",1758,100
2025-07-28,GOOGL,Another Google Pixel 6a catches fire after battery-nerfing update | Google's Battery Performance Program update was supposed to stop this.,283,47
2025-07-28,META,Alibaba to launch AI-powered glasses creating a Chinese rival to Meta,164,47
2025-07-28,GOOGL,Google admits it failed to warn 10 million of Turkey earthquake,2966,193
2025-07-27,GOOGL,"Man awarded $12,500 after Google Street View camera captured him naked in his yard in Argentina",2850,109
2025-07-27,GOOGL,Google Gemini deletes userâ€™s code: â€˜I have failed you completely and catastrophicallyâ€™,1702,169
2025-07-24,GOOGL,Google announced that it's launching a new AI feature that lets users virtually try on clothes,0,5
2025-07-24,GOOGL,Google leaks its full Pixel 10 lineup,0,19
2025-07-24,GOOGL,Google DeepMind's Aeneas model can restore fragmented Latin text,11,4
2025-07-23,GOOGL,Sundar Pichai is â€˜very excitedâ€™ about Google Cloudâ€™s OpenAI partnership,0,5
2025-07-23,GOOGL,AI video is invading YouTube Shorts and Google Photos starting today,203,67
2025-07-23,GOOGL,"Googleâ€™s AI Is Destroying Search, the Internet, and Your Brain | Googleâ€™s AI Overview, which is easy to fool into stating nonsense as fact, is stopping people from finding and supporting small businesses and credible sources.",2428,199
2025-07-23,META,"Instead of selling to Meta, S.Korean AI chip startup FuriosaAI signed a huge customer: LG",44,5
2025-07-23,GOOGL,"Smart home, dumb problems: The enshittification of Google Home is real",131,19
2025-07-23,GOOGL,"Google Home is becoming a house of glitches, users say | Users report that their Google smart speakers and hubs are struggling to understand commands and follow instructions.",1027,275
2025-07-22,GOOGL,Microsoft poaches top Google DeepMind staff in AI talent war,136,11
2025-07-22,GOOGL,Microsoft poaches more Google DeepMind AI talent as it beefs up Copilot,30,18
2025-07-22,META,Goodbye plastic? Scientists create new supermaterial that outperforms metals and glass,256,75
2025-07-22,GOOGL,"Google clinches milestone gold at global math competition, while OpenAI also claims win",0,0
2025-07-21,META,"Meta allows ads crowdfunding for IDF drones, consumer watchdog finds",292,83
2025-07-21,META,Meta snubs the EUâ€™s voluntary AI guidelines | â€˜Europe is heading down the wrong path on AI.â€™ï»¿,562,95
2025-07-21,META,"Tech Layoffs Hit 100,000+ in 2025: Intel, Microsoft, Meta, and More Slash Thousands of Jobs",2663,216
2025-07-20,GOOGL,Google is using two billion Android phones to detect earthquakes worldwide | Google's earthquake alert system performance matches seismometers in global test,251,31
2025-07-19,GOOGL,"OpenAI, Anthropic, Google may disrupt education market with new AI tools",6,0
2025-07-18,META,"Meta says it won't sign Europe AI agreement, calling it an overreach that will stunt growth",220,114
2025-07-18,GOOGL,OpenAI Quietly Turns to Google to Stay Online | The most powerful artificial intelligence company in the world just admitted it needs help from one of its biggest rivals to stay afloat.,100,15
2025-07-18,GOOGL,Google tapped billions of mobile phones to detect quakes worldwide â€” and send alerts. Study reveals how the tech behemoth is using the motions sensors on phones to expand quake warnings to more countries.,43,18
2025-07-18,META,"Their Water Taps Ran Dry When Meta Built Next Door: In the race to develop artificial intelligence, tech giants are building data centers that guzzle up water. That has led to problems for people who live nearby.",588,41
2025-07-18,META,Zuckerberg says Meta will build data center the size of Manhattan in latest AI push | CEO says company plans to spend hundreds of billions on developing artificial intelligence products,0,77
2025-07-18,GOOGL,"Google sues 25 alleged BadBox 2.0 botnet operators, all of whom are in China",24,2
2025-07-18,META,"In rare earth metals power struggle with China, old laptops, phones may get a new life",53,7
2025-07-17,GOOGL,Google is suing the BadBox 2.0 botnet group,9,4
2025-07-17,GOOGL,Google's Android boss suggests ChromeOS could be on borrowed time,44,24
2025-07-17,META,Meta argues its AI needs personal information from social media posts to learn â€˜Australian conceptsâ€™ | Australia news,17,7
2025-07-17,META,"Meta investors, Zuckerberg reach settlement to end $8 billion trial over Facebook privacy litigation.",154,5
2025-07-23,TSLA,$TSLA - Q2 2025,28,14
2025-06-05,TSLA,$tsla -10% today,255,197
2025-06-01,TSLA,$TSLA at 346 needs to smash 381 to kill the head and shoulders!,4,27
2025-05-17,TSLA,$TSLA vs Other Electric Car Companies,180,121
2025-04-10,TSLA,"April 09, 2025 | $TSLA Daily Chart",11,18
2025-04-06,TSLA,March 30 - April 05 - Candle Stick Patterns on $TSLA,45,40
2025-04-02,TSLA,"TSLA Just Woke Up â€“ I Scaled In at 295, 245, and 225. Avg 250. The Face-Ripper Rally Has Begun.",40,92
2025-04-02,TSLA,"$TSLA - Tesla Inc Q1 Total Deliveries 336,681 Units. Tesla Inc Q1 Total Production 362,615 Units",717,409
2025-03-24,TSLA,"$TSLA | March 23, 2025 - $255",0,60
2025-03-21,TSLA,"So Nasdaq down 250, and TSLA up 2%?",220,248
2025-03-20,TSLA,$TSLA - U.S. Justice Department Announces Severe Charges Against Tesla Arsonists,0,67
2025-03-20,TSLA,$TSLA - Tesla plans innovation in Cybertruck batteries this year.,0,21
2025-03-20,TSLA,I don't own or have owned TSLA stock,157,102
2025-03-19,TSLA,"If you had bought TSLA stocks in December 2020, they would have gained... exactly 0%",1573,261
2025-03-19,TSLA,My Perspective on Next Few Months of $TSLA,0,17
2025-03-20,TSLA,"about the selling of tsla, i have something to say.",0,37
2025-03-18,TSLA,TSLA closes at lowest point in 6 months.,378,77
2025-03-18,TSLA,TSLA & BTC,0,30
2025-03-18,TSLA,TSLA is an alcoholic,151,51
2025-03-17,TSLA,TSLA please go green to put these annoying bears to sleep,0,70
2025-03-13,TSLA,Question about TSLA stock,4,65
2025-03-12,TSLA,TSLA is the same price as it was on Halloween.,142,91
2025-03-12,TSLA,$TSLA | Why must Cramer Tweet?!,406,136
2025-03-11,TSLA,"So, what's everyone thinking? TSLA had a good day. Did Trump's show room save the stock?",32,141
2025-03-11,TSLA,"TRUMP: ""I will label attacks on Tesla, $TSLA, dealerships as domestic terrorism.... We already know who some of them are, we are going to catch them.""",0,5
2025-03-11,TSLA,Just bought TSLA.,0,18
2025-03-11,TSLA,TSLA I could only afford to put in 10k... average 225,13,17
2025-03-11,TSLA,Just a reminder that the future fear price of TSLA is 657 for end of 2025,7,12
2025-03-11,TSLA,How low can TSLA go?,0,187
2025-03-10,TSLA,Just bought my first TSLA stock! Let's go Elon!,0,118
2025-03-10,TSLA,"Scaling In Smart â€“ 20% at 295, 30% at 245, 30% at 225 (Avg: 250) â€“ SPX & TSLA Are Set to Rip!",0,86
2025-03-09,TSLA,$TSLA | X Tweet from Elon Musk,0,78
2025-03-08,TSLA,How do TSLA holders view the Trump admin anti EV policies?,369,407
2025-03-06,TSLA,TSLA is going to go through the roof,0,34
2025-03-06,TSLA,What would you have to believe to justify the price of TSLA today @$265 per share?,2,0
2025-03-05,TSLA,TSLA could benefit from Tarrifs in US/Europe,2,2
2025-03-04,TSLA,Uh oh â€” will $TSLA crash today and boom tomorrow?,0,50
2025-02-28,TSLA,Simple Question for all who think TSLA is a good investment long term,470,619
2025-02-28,TSLA,$TSLA | Elon responds to Tesla stock being down.,1226,1271
2025-02-27,TSLA,Why doesnâ€™t any chart show when TSLA reached $900?,0,18
2025-02-27,TSLA,TSLA â€“ Accumulating & Shifting Focus to Medium & Long-Term,2,60
2025-02-27,TSLA,30% down in TSLA / TSLL,305,426
2025-02-25,TSLA,Why is TSLA going down if he has power in the US govt?,0,138
2025-02-24,TSLA,$TSLA - Reportedly prepares to deploy long-awaited Full-Self-Driving features in China,0,46
2025-02-20,TSLA,Why did TSLA got so low after market opened today?,12,30
2025-02-18,TSLA,When TSLA goes down,64,61
2025-02-18,TSLA,TSLA BULLS: What is your bull thesis?,91,257
2025-02-15,TSLA,TSLA what's your thoughts? Will we re-test $350 or going straight up?,0,27
2025-02-14,TSLA,TSLA red to green then run to 400,0,29
2025-02-14,TSLA,TSLA this thing is gonna open at 375 at this rate crazy turn around,0,69
2025-02-13,TSLA,"TSLA: Alright, Elon getting richer; we stand with Elon",0,8
2025-02-13,TSLA,TSLA's latest data on SqueezeFinder,0,4
2025-02-12,TSLA,TSLA community is growing the most across platforms,0,5
2025-02-12,TSLA,Trading TSLA,8,42
2025-02-11,TSLA,TSLA is approaching 300-320 range that I had shared 4 days agoâ€” I'm starting to buy,0,49
2025-02-09,TSLA,Advice on selling TSLA,55,104
2025-02-08,TSLA,PLEASE HELP - Is this a good TSLA hedging strategy???,0,30
2025-02-08,TSLA,Hello Experts - Any thoughts on what can I do about these two TSLA Options positions that are in huge losses for me?,10,64
2025-02-08,TSLA,Prediction: TSLA will drop and bounce off 100 DMA in the next week,58,70
2025-02-07,TSLA,TSLA 2021-2022 crash analysis,25,37
2025-02-06,TSLA,TSLA is heading to 300-320,57,84
2025-02-06,TSLA,"Ford CEO on a possible partnership with $TSLA FSD? â€œWe'll make a decision, I'm very confident in their technical prowess. They know the FSD system, They know the waymo system as they get democratized for Level 4, so I think we'll make a good decision, closer to that partnering decision at Ford.â€",28,44
2025-02-06,TSLA,I built a free TSLA Reddit sentiment analysis tool for r/TSLA,31,38
2025-01-31,TSLA,Is TSLA headed for a gamma squeeze ?,7,35
2025-01-30,TSLA,TSLA's latest squeeze play,0,1
2025-01-29,TSLA,Tsla reversing!,0,16
2025-01-28,TSLA,"TSLA price before earnings, posted this 3 weeks ago!",18,27
2025-01-26,TSLA,"What do you guys think of TSLA leveraged ETFs, specifically TESL?",0,14
2025-01-22,TSLA,Thanks TSLA and Elon for $15K,19,35
2025-01-18,TSLA,Next TSLA? ,21,82
2025-01-16,TSLA,"$TSLA rose today by 116 billion, $PLTRâ€™s entire market cap is only 155 billion.",79,65
2025-01-03,TSLA,Cramer pumped TSLA @ 463,40,18
2025-01-02,TSLA,$TSLA Glad I sold when it was $430. But how low will we go?,34,83
2025-01-01,TSLA,TSLA at $402,19,71
2024-12-31,TSLA,Elon's TSLA Tech Empire: Leveraging SpaceX to Advance Tesla,16,2
2024-12-30,TSLA,TSLA PLTR market cap comparison,0,5
2024-12-30,TSLA,$TSLA Iâ€™m not watching this. Selling my position and buying back in at $350. Remind me in 1 month ,127,152
2024-12-29,TSLA,"Honestly, does TSLA have a key man risk?",55,68
2024-12-28,TSLA,"TSLA to report 4th qtr production & delivery numbers on Jan 2nd, will be a stock mover",40,36
2024-12-28,TSLA,Effective PÃ‰ is closer to 235 for TSLA,37,151
2024-12-27,TSLA,Why is TSLA more volatile than MSTR?,2,7
2024-12-26,TSLA,High PE and large market caps arenâ€™t a thing outside TSLA,0,149
2024-12-24,TSLA,TSLA price is disconnected from company fundamentals. Itâ€™s being traded like crypto.,360,250
2024-12-24,TSLA,TSLA closed above 462,95,52
2024-12-19,TSLA,TSLA 475+ TodayðŸ¤˜ðŸ»,10,44
2024-12-17,TSLA,Thoughts on writing TSLA credit call spreads at these highs?,2,13
2024-12-17,TSLA,TSLA & BTC ATH,3,5
2024-12-15,TSLA,TSLA near Peak Euphoria?,23,49
2024-12-15,TSLA,$tsla,11,41
2024-12-14,TSLA,"TSLA short volume has only decreased about 15% (87million in July to 77m now), given that its almost 3X from the low, it seems the short squeeze has not happened yet?",30,9
2024-12-14,TSLA,1.5X Long TSLA Weekly ETF (TSLW),6,9
2024-12-13,TSLA,First TSLA investment,7,31
2024-12-12,TSLA,TSLA - Analyst 12 month performance vs their price targets for TSLA,11,9
2024-12-11,TSLA,TSLA will be at $500 by the end of the month or sooner,111,107
2024-12-09,TSLA,Tsla doing its thing already,36,23
2024-12-08,TSLA,How do you think xAI's relationship with Tesla impact TSLA's stock price? Would it have been better for TSLA to keep xAI's tech and employees under TSLA?,5,16
2024-12-07,TSLA,Is it the right time to buy TSLA now or will the price decrease before January 2025?,33,120
2024-12-06,TSLA,Tesla Faces An Uphill Battle In 2025 (NASDAQ:TSLA),0,12
2024-12-05,TSLA,"By the way, $TSLA did not sell their BTC!!!",126,23
2024-11-15,TSLA,(Urgent Update news for acquirement of NVDA chips) Why xAI and Tesla(TSLA) are poised to dominate the AI Era,0,18
2024-11-15,TSLA,I think TSLA hitting $300 by EOD,0,26
2024-11-15,TSLA,Do you guys think TSLA will go up more once Trump is inaugurated or do you think the growth has already been priced in?,0,43
2024-11-12,TSLA,"IRA, ITC, TSLAâ€¦what happens next?",6,1
2024-11-11,TSLA,Tsla,37,34
2024-11-11,TSLA,What's the Difference Between TSLA.EXT and just TSLA?,0,4
2024-11-07,TSLA,Would you buy TSLA stocks now if youâ€™re new to it?,42,189
2024-11-06,TSLA,Why #Tesla Shares Surge Following Trump's Victory $tsla,25,64
2024-10-10,TSLA,TSLA Will Be $2000 Per Share Very Soon! Jump In,0,40
2024-09-30,TSLA,I sell TSLA and buy MSTR,0,18
2024-09-26,TSLA,TSLA EVENT 10/10 LOS ANGELES,1,11
2024-09-19,TSLA,Confused about TSLA AI Strategy,7,10
2024-09-19,TSLA,Should I buy more TSLA stock after FED rate cut?,10,36
2024-09-13,TSLA,Is now a good time to short TSLA?,0,12
2024-09-01,TSLA,"BREAKING: $TSLA MODEL Y IS #1 BEST SELLING EV IN CHINA, EUROPE, AND NORTH AMERICA",14,65
2024-08-25,TSLA,Tesla Ramps Up Cybertruck Production: Drone Footage Reveals Rows Of Stainless Steel Behemoths At Giga Texas - Tesla (NASDAQ:TSLA),36,33
2024-07-30,TSLA,Does anyone use a leveraged TSLA short ETFs as a hedge during brief periods of volatility like earnings calls?,10,31
2024-07-21,TSLA,Tesla $TSLA gets its latest review from Jim Cramer: 'This thing has a lot of momentum,0,38
2024-07-21,TSLA,"Donald in the White House super good for Elon, Elon in White House super good for Tsla",0,7
2024-07-16,TSLA,How does the next President affect TSLA?,0,81
2024-07-15,TSLA,GLOBAL EQUITIES RESEARCH RAISES $TSLA PRICE TARGET TO $400 (FROM $340),17,17
2024-07-11,TSLA,"Tsla stock rise isnâ€™t a rally, itâ€™s just recovering being oversold",0,59
2024-07-10,TSLA,TSLA is massively oversold and is at great price right now.,0,56
2024-07-07,TSLA,Tesla $TSLA gets its mojo back and Wedbush responds with price target move,0,11
2024-07-04,TSLA,Cheering on TSLA shorts! -$3.5 billion losses in 2 days! Fast approaching 2023â€™s score of -$13 billion! You can do it guys! ,29,71
2024-07-03,TSLA,Missed Nvidia? TSLA is next. Optimus will give a body to all the AI advancements happening. Today is the right time.,0,8
2024-07-01,TSLA,Shorts daylights crushed out of them today. TSLA boom has begun.,0,41
2024-06-15,TSLA,TSLA from here? (New investor),6,26
2024-06-14,TSLA,"The entire market got depressed today, the second it reverses TSLAs gotta fly!",0,70
2024-06-13,TSLA,Famed investment firm believes TSLA stock will be nearing $2600 per share within 5 years. ,0,45
2024-06-11,TSLA,Tesla. Tsla stock ,25,133
2024-06-07,TSLA,People blaming Elon for buying TSLA,0,5
2024-06-05,TSLA,Do you think $TSLA price will go up or down after June 13th vote decision ?,34,156
2024-05-30,TSLA,Critical Tesla bearish investor Gary Black says Vote YES to help TSLA share price,0,21
2024-05-24,TSLA,People donâ€™t understand LiDAR is inferior to Vision for self driving systems. Itâ€™s good Tsla is proving it.,0,95
2024-05-14,TSLA,How small will the automotive side of TSLA be?,0,14
2024-05-03,TSLA,Vote Your TSLA Shares ,80,152
2024-05-03,TSLA,This sub is for TSLA Shareholders,0,35
2024-04-25,TSLA,TSLT VS TSLA,3,5
2024-04-25,TSLA,TSLA will bounce from here,0,15
2024-04-24,TSLA,DAY 2 $TSLA - I see this stock going parabolic,0,45
2024-04-19,TSLA,TSLA is in for a rough ride as the CyberTruck is officially recalled! ,0,39
2024-04-19,TSLA,How low do you think tsla will go this time? 100?,36,92
2024-04-19,TSLA,Is TSLA's earnings being priced in already?,4,42
2024-04-15,TSLA,Tesla Set to Lay Off More Than 10% of its Staff for NASDAQ:TSLA by DEXWireNews,27,25
2024-04-15,TSLA,Tesla (TSLA) is rumored to be preparing a massive round of layoffs,38,26
2024-04-12,TSLA,TSLA FSD Subscription,9,40
2024-04-11,TSLA,Should I buy $440k worth of TSLA options?,15,131
2024-04-09,TSLA,Tesla's Bumpy Ride: Navigating Challenges Amidst a Market Plunge for NASDAQ:TSLA by DEXWireNews,1,0
2024-04-08,TSLA,Tesla's Robotaxi Set to be Unveil Amidst Investor Skepticism for NASDAQ:TSLA by DEXWireNews,20,87
2024-04-06,TSLA,Here's my TSLA analysis after digesting all the info yesterday.  What am I missing / getting wrong?,0,94
2024-04-06,TSLA,Should I Hold or Sell My TSLA Shares?,0,103
2024-04-04,TSLA,Honest question about TSLA car sales,3,45
2024-04-04,TSLA,Alright TSLA dawgs ,0,37
2024-04-03,TSLA,Bet on Tsla or Bud ?,0,35
2024-04-02,TSLA,Tesla Faces Headwinds as Q1 Deliveries Fall: What Lies Ahead? for NASDAQ:TSLA by DEXWireNews,0,2
2024-04-01,TSLA,"Tesla Raises Prices of Model Y Cars in US by $1,000 for NASDAQ:TSLA by DEXWireNews",5,5
2024-03-26,TSLA,Tesla Offers U.S. Customers Free Trial of its Driver-Assist Tech for NASDAQ:TSLA by DEXWireNews,14,18
2024-03-22,TSLA,TSLA is quick ,4,57
2024-03-22,TSLA,Tesla Stock Plummet On China's Production Cut for NASDAQ:TSLA by DEXWireNews,22,22
2024-03-18,TSLA,"Tesla Shares Up 6.3% on Model Y Price Hike in US, Europe for NASDAQ:TSLA by DEXWireNews",10,55
2024-03-18,TSLA,TSLA STOCK PRICE,0,111
2024-03-16,TSLA,"Tesla's Tumble: Why TSLA Stock Could Fall to $100, and When to Buy",6,23
2024-03-15,TSLA,$TSLA market cap will never be under 1 trillion after this year,0,129
2024-03-15,TSLA,TSLA misjudged by wallstreet?,0,58
2024-03-13,TSLA,Tesla Faces Headwinds: Analysts Downgraded TSLA Stock for NASDAQ:TSLA by DEXWireNews,9,5
2024-03-13,TSLA,Tsla price by next week,0,20
2024-03-13,GOOGL,"GM hires ex-Tesla, Google exec to replace retiring head of manufacturing",0,1
2024-03-12,TSLA,Why did tsla stock just go to 199 and back down again?,0,10
2024-03-12,TSLA,Faithful $TSLA shareholders rewarded:,0,0
2024-03-12,TSLA,Tsla stock price the next weeks,0,15
2024-03-11,TSLA,which strike of TSLA to buy call on?,2,4
2024-03-11,TSLA,Tesla: The Disappointment Continues (NASDAQ:TSLA),0,24
2024-03-10,TSLA,Brand new article on $TSLA focused on Optimus humanoids,4,6
2024-03-06,TSLA,Tesla (NASDAQ: $TSLA) Plummets +5% Amid German Factory Sabotage and Sluggish China Sales,21,14
2024-03-04,TSLA,Tesla Explores Production Facility in Thailand for NASDAQ:TSLA by DEXWireNews,3,5
2025-07-30,NVDA,Nvidia (NVDA) to announce Q2 fiscal 2026 results on August 27th,172,33
2025-07-30,MSFT,NVDA hits new all-time high of $180.93 in AH after MSFT and META beat earnings.,415,77
2025-07-30,NVDA,"NVIDIA (NVDA): Morgan Stanley maintains Overweight, raises PT to $200.00 (from $170.00)",109,7
2025-07-29,NVDA,"NVDA - Many are probably under appreciating just how big the h20 reopening is for them. Here's my analysis, referencing Jefferies research and Bernstein's research to corroborate my view.",71,7
2025-07-27,NVDA,BofA Raises NVIDIA (NVDA) Price Target to $220 on China Sales Outlook.....7/24/2025,241,32
2025-07-23,NVDA,TI and AI Trade (NVDA et al),3,5
2025-07-20,NVDA,I sold my NVDA around $175,653,382
2025-07-19,NVDA,"Needham Sticks With Buy on Nvidia (NVDA), Lifts Target to $200",164,28
2025-07-19,NVDA,Start Ups borrowing $$$ to buy NVDA Chips.,120,20
2025-07-18,NVDA,Uncle Jensen has been wining and dining them Chinese behind the scenes. Can't wait to see the posted revenue from these chips. NVDA to 250,95,12
2025-07-15,NVDA,Nvidia [NVDA] stock price target raised by Mizuho to $192 on China trade relief,71,1
2025-07-15,NVDA,$NVDA to benefit from Deep Sea Mining?,37,6
2025-07-15,NVDA,"Nvidia (NVDA): BofA Securities reiterates Buy, raises PT ð­ð¨ $220 (from $180)",108,22
2025-07-10,NVDA,NYT article on NVDA @4T,13,1
2025-07-10,NVDA,Congrats all NVDA holders!,181,50
2025-07-10,NVDA,"Hereâ€™s the full option chain analysis based on your screenshot for NVDA expiring 2025-07-11, with current price: 163.36: taken after hours. Whe shall see where she wants to go for the week.",10,6
2025-07-09,NVDA,NVDA hits $4 Trillion Market Cap,68,2
2025-07-08,NVDA,NVDA Leap OTM Calls. Why not?,37,44
2025-07-07,NVDA,CitiBank raises NVDA price target to $190.,213,13
2025-07-07,NVDA,Where we going this week for NVDA?,25,35
2025-06-29,NVDA,Four reasons why NVDA is going higher . . .,171,109
2025-06-26,NVDA,"NVDA earnings report August 27, 2025 will catalyze the market.   Multiple analyst targets presently well over 200.",134,38
2025-06-25,NVDA,NVDA ATH,146,11
2025-06-25,NVDA,NVDA Recent Trend Analysis and Where It's Going,43,43
2025-06-25,NVDA,"Finally, new IBD Leaderboard stock Nvidia (NVDA) is rapidly nearing a 153.13 entry in a cup base that started forming in early January. Nvidia stock gained 1% in early action Wednesday.",33,1
2025-06-23,NVDA,Sell NVDA?,0,24
2025-06-09,NVDA,Good review on NVDA and AI Agents,4,0
2025-06-09,NVDA,NVDA ATH SOON ðŸš€,216,34
2025-06-05,NVDA,Nvda selling chips to china,78,20
2025-05-31,NVDA,"Getting a little impatient NVDA isn't being rewarded:  10% q/q growth AGAIN, and we're going to be flat/channel-locked again it appears.",76,105
2025-05-29,GOOGL,CoreWeave is in advanced talks with Google to rent Nvidia Blackwell chips.,67,9
2025-05-28,NVDA,Earnings sold nvdl not nvda,0,4
2025-05-28,NVDA,NVDA is going crazy,380,235
2025-05-28,NVDA,"Revenue of $44.1 billion, up 12% from Q4 and up 69% from a year ago
    Data Center revenue of $39.1 billion, up 10% from Q4 and up 73% from a year ago

SANTA CLARA, Calif., May 28, 2025 (GLOBE NEWSWIRE) -- NVIDIA (NVDA.NaE) today reported revenue for the first quarter ended April 27, 2025, of $",268,70
2025-05-25,NVDA,NVDA all eyes on youâ€¦,257,31
2025-05-24,NVDA,Seeking Alpha:  5/23/2025...NVDA deserves a $228 price target & 5T market cap.,112,38
2025-05-23,MSFT,NVDA net income vs MSFT,81,21
2025-05-23,NVDA,Tom Lee & Mark Newton on NVDAâ€™s Next Move (Fundstrat),28,4
2025-05-17,NVDA,What happened to NVDA after hours?,76,99
2025-05-16,NVDA,NVDA stuck at $135,14,10
2025-05-14,NVDA,NVDAâ€™s AI cloud scaling company under $75 per share FYI,34,36
2025-05-14,NVDA,Closed Everything Today including NVDA,282,179
2025-05-13,NVDA,Why is the NVDA stock volatility so down?,1,0
2025-05-11,NVDA,NVDA modifies H2O chip for legal export to China,83,31
2025-05-02,NVDA,NVDA $95c calls,119,56
2025-05-02,NVDA,NVDA eyes a breakout,134,80
2025-05-01,NVDA,NVDA surges after hours....What's Going on!,202,106
2025-04-30,META,Meta INCREASING CapEx to $64-$72B,169,50
2025-04-29,NVDA,Calls on NVDA,52,66
2025-04-29,NVDA,Big dividend for NVDA holders,6,27
2025-04-22,NVDA,US trade policy just gave Huawei all of NVDA's China business,236,134
2025-04-20,NVDA,"Trade War?! NVDA Q1 FY26 Earnings, Revenue, and Guidance First Estimates",121,67
2025-04-20,NVDA,"Short-term & long-term Impact of US H20 export restrictions on NVDA, still a solid hold?",35,19
2025-04-19,NVDA,NVDA pre earnings pump this time?,61,122
2025-04-16,NVDA,"Cramer on NVDA: ""A meme stock and it has to be cut back.â€",203,105
2025-04-15,NVDA,NVDA drop during after hours is an overreaction in my opinion,108,186
2025-04-15,NVDA,Nvda drop after hours,287,226
2025-04-15,NVDA,So according to you where are we heading with NVDA starting today ?,24,54
2025-04-14,NVDA,"BREAKING: Nvidia, $NVDA, announces they will manufacture American-made AI supercomputers in the US for the first time ever.",736,268
2025-04-12,GOOGL,Bringing Gemini and Google Agentspace to you on-premises,5,2
2025-04-11,NVDA,"NVDA the most actively traded name. One day this week, $3.5 billion went into single stocks. $3 billion of that went into NVDA, alone.",204,30
2025-04-10,NVDA,Cathy Wood.....better late than never.!   NVDA (B) $14.84M,49,49
2025-04-09,GOOGL,Ironwood: The first Google TPU for the age of inference,13,18
2025-04-07,NVDA,Dan Ives:  Investors with Long Term Horizons should buy NVDA  Stock !,15,13
2025-04-07,NVDA,Looks like Lutnick is possibly making a killing on the stock market imploding. On the other side his firm seems to own a lot of NVDA. Confusing times,34,11
2025-04-06,NVDA,$500+  Billion NVDA order incoming,44,61
2025-04-06,NVDA,Altimeter Capital adds to NVDA,26,5
2025-04-03,NVDA,it would have been better if NVDA got tarrifs now,52,39
2025-04-02,NVDA,Is there a reason why NVDA is so volatile?,35,100
2025-03-28,NVDA,"NVDA faces resistance, is the downtrend still in play?",35,61
2025-03-25,GOOGL,Google and NVIDIA at GTC,38,4
2025-03-21,NVDA,"Not trying to FUD, but -- NVDA Death Cross Has Traders on High Alert as Momentum Withers (Yahoo! Finance)",0,23
2025-03-16,NVDA,NVDA Price Target 200-225 - Parkev Tatevosian,88,83
2025-03-15,NVDA,Going to buy 1 share of NVDA every week,230,154
2025-03-12,NVDA,Gemma 3 report targeting NVDA,9,6
2025-03-11,NVDA,Small splash or sign of large wave? Rep Buys NVDA stock,17,6
2025-03-11,NVDA,"NVDA is a long-term play, stop treating it like it's a short-term trade.",174,97
2025-03-10,NVDA,Foxconn & Manus Using NVDA Chips!,37,9
2025-03-10,NVDA,"Is it just me, or is buying NVDA way safer than other stocks right now?",208,321
2025-03-09,NVDA,NVDA Tops The List,24,2
2025-03-09,NVDA,What price do you think NVDA will bottom out at?,78,275
2025-03-09,NVDA,NVDA has been consolidating around 100-150 for 8 months despite revenue increasing. Is it growing into its valuation or has the market decided that it can go no higher or do you have another explanation?,113,104
2025-03-06,NVDA,NVDA Buy Zone: When Growth Meets Value,46,32
2025-03-06,NVDA,"If Trumps guts the Chips Act, how will it affect NVDA?",45,52
2025-03-05,NVDA,NVDA Future,30,7
2025-03-04,NVDA,NVDA gets another outperform rating!,91,26
2025-03-04,NVDA,Bought another 250k of NVDA. If you are worried AMA,583,502
2025-03-04,NVDA,"NVDAâ€™s revenue wonâ€™t be affected by tariffs, this is a buying opportunity",67,61
2025-03-04,NVDA,NVDA Chips Smuggling Bust,3,1
2025-03-03,NVDA,I/O Fund expects probable NVDA price target below $100 (between $82-102) for correction to be over,0,10
2025-03-03,NVDA,"Is there any reason for NVDA to go up? Like last time, when it dipped due to DeepSeek",51,111
2025-03-03,NVDA,Singapore Law & Home Affairs Minister on NVDA export controls,6,3
2025-03-02,NVDA,We talk NVDA in Rebel Finance Episode 1,8,0
2025-03-01,NVDA,When Did NVDA become a great stock to buy?,67,61
2025-03-01,NVDA,Pretty good support and targets for NVDA   and this  is only 1.2,45,17
2025-02-28,NVDA,NVDA Long Term Tailwinds Very Underestimated,64,10
2025-02-27,NVDA,$NVDA Crash:  When will Nvidia stock begin to rise again?,5,67
2025-02-27,NVDA,Ofc this mf just had to say something about Nvda ðŸ¤¦ Might be time to sell,163,64
2025-02-27,NVDA,"[UPDATE] NVDA Q4 FY 2025 Earnings, Revenue, and Guidance â€”Actuals and Discussion",20,3
2025-02-26,NVDA,Summary of NVDA earnings,173,82
2025-02-26,NVDA,NVDA saves the day?,256,33
2025-02-25,NVDA,NVDA after Earnings Report,20,109
2025-02-25,NVDA,NVDA 5-day pre and post-ER,44,42
2025-02-24,NVDA,"Since June 18, 2024, $NVDA stock price has gone side ways and just increased .38% in 8 months.  Nvidia is underperforming the rest of the market.  The high stock price is weighing on investors.",272,147
2025-02-24,NVDA,Nvidia Suppliers Send Mixed Signals for Delays on GB200 Systems â€“ What It Means for NVDA Stock,0,24
2025-02-20,NVDA,"I asked Grok 3 to analyze NVDA stock, Its past earnings, technical analysis, an theortiical math to predict and give odds on likely outcomes for Feb 26-28. Grok 3 blew my mind with how good it is. I think yall will enjoy (tried on GPT and perplexity and the results were poor)",145,94
2025-02-18,NVDA,NVDA 2/26 Quarterly Report Prediction -- Thoughts?,37,54
2025-02-14,NVDA,Siam AI plans $2B expansion of AI infrastructure with NVDA,90,1
2025-02-13,NVDA,NVDA Jensen Huangâ€™s Vision for the Future Super AIâ€™s.,29,3
2025-02-11,NVDA,"NVDA Q4 FY 2025 Earnings, Revenue, and Guidance Estimates, First $40B Quarter?",96,56
2025-02-10,NVDA,Billionaire David Tepper (Appaloosa) increased his Nvidia (NVDA) position by 8.8%,221,17
2025-02-09,GOOGL,From 2024 Nvidia grows from 51% of AI wafer consumption to 77% in 2025 according to MorganStanley research.  Google is next largest at 10%,137,37
2025-02-09,NVDA,Big Tech Spending Continues for NVDA chips,137,21
2025-02-08,NVDA,Nvidia (NVDA) Valuation and Outlook - By ChatGPT Deep Research Mode,87,53
2025-02-07,GOOGL,"Tech Giants Double Down on Their Massive AI Spending
Amazon, Google, Microsoft and Meta pour billions into artificial intelligence, undeterred by DeepSeekâ€™s rise  [WSJ gift link]",91,24
2025-02-07,NVDA,Nvda march 26 prediction,28,14
2025-02-07,NVDA,Nvda chips tariff Feb 18? Latest on Trumpâ€™s Tariffs and NVIDIA? When Will They Be Implemented?,0,31
2025-02-07,NVDA,"NVDA been free all year, hope you guys bought the dip this week",212,62
2025-02-06,NVDA,Technical and Fundamental Analysis of $NVDA,46,22
2025-02-06,NVDA,"Jensen Huang Once Wrote A Desperate Letter To Save Nvidia But Also Forged A Partnership Worth Billions With TSMC: Morris Chang Reveals The Story (UPDATED) - NVIDIA (NASDAQ:NVDA), Taiwan Semiconductor (NYSE:TSM)",51,5
2025-02-05,NVDA,Thinking about NVDA beyond 2025 Hyperscaler CapEx Growth,42,28
2025-02-05,GOOGL,"Google Targets $75B AI Spend for 2025, Surpassing Wall Street Estimates",102,38
2025-02-05,NVDA,TIME TO LOAD THE BOAT ON NVDA!,407,215
2025-02-05,GOOGL,"$GOOGL Conference Call Summed Up In 1 Word: ""AI"" (NVDA)",75,10
2025-02-04,GOOGL,Google parent Alphabet plans $75 billion capital expenditures this yea. 29% more than Wall Street expected.,197,41
2025-02-04,NVDA,"Nvidia $NVDA just said:

""CoreWeave has launched NVIDIA GB200 NVL72-based instances, becoming the first cloud service provider to make the NVIDIA Blackwell platform generally available""",216,47
2025-02-04,NVDA,How does AMD earnings report affect NVDA?,26,30
2025-02-03,NVDA,Listen to what he's saying -> Sam Altman says the leap from GPT-4 to GPT-5 will be as big as that of GPT-3 to 4 and the plan is to integrate the GPT and o series of models into one model that can do everything - thatâ€™s the AGI - NVDA,55,19
2025-08-02,NVDA,NVDA Q3 Guidance: A Billion Dollar Question,10,3
2025-08-02,NVDA,"TEAM nvda, we're still bullish! Im backing up the truck Monday, especially if we start red!",0,16
2025-08-02,NVDA,$NVDA,23,11
2025-08-01,MSFT,Is AWS falling behind? $AMZN $MSFT $GOOG,12,6
2025-07-31,NVDA,NVDA faces volatility as China probes H20 chip security risks,96,44
2025-07-31,NVDA,I've mentioned NVDA before.Today NVDA broke out to new highs! About to fly to the moon. Wood. Wood. Target price at $250!,0,16
2025-07-30,NVDA,Why NVDA hits $200 before AMD (both trading ~$175),95,55
2025-07-30,NVDA,Watching NVDA surging alone while other Mag7 lagging behind be like,57,15
2025-07-30,NVDA,"Realistically, how high you think NVDA can go in 5-10 years?",119,83
2025-07-30,NVDA,Folks we're can't let them win!! Remain vigilant nvda soldiers!!,0,10
2025-07-29,NVDA,NVDA keeps smashing all-time highs,19,5
2025-07-29,MSFT,Buying NVDA now is like buying MSFT in 2000,833,276
2025-07-29,NVDA,Praise the Lord & Thank You NVDA!,39,3
2025-07-28,NVDA,"They mocked me folks when I was buying NVDA at $14 a share years ago!  They said it wouldn't hit $130, then $140, then $150, then $160, then $170!  They laugh at people saying it'll hit $250 in another year or so!",0,38
2025-07-28,NVDA,"I have $100,000 now thanks to NVDA",486,99
2025-07-27,NVDA,Nvda,3,1
2025-07-25,NVDA,"They called me names when NVDA was $120 a share pre split folks and Cramer said ""Im short the stock ..... It's a loser!",0,16
2025-07-25,NVDA,Will NVDA work with Aware or do we have our own tech to do this?,1,2
2025-07-24,NVDA,"NVDA rises on Trumpâ€™s New AI action plan, catalyst for the next leg up?",118,37
2025-07-23,NVDA,They said nvda was going to $90 folks!,86,94
2025-07-23,NVDA,Where does $NVDA rank in the Magnificent 7?,2,11
2025-07-22,NVDA,"Shhh, itâ€™s now the quiet period before earnings for $NVDA, so hereâ€™s a YouTube channel that vibrantly covers Nvidia and AI.",0,3
2025-07-20,NVDA,NVDA DEEP ITM Covered Call Opinions,32,9
2025-07-18,NVDA,Traders just bought $13 mills worth of calls on NVDA before close yesterday,187,53
2025-07-18,NVDA,"Invest in NVDA, what could go wrong?",0,22
2025-07-17,NVDA,Love to see it! $NVDA is always ahead of the crowd! Deep Sea Mining will be a trillion dollar industry in a few years!,36,6
2025-07-17,NVDA,30 years old - I just dollar cost averaged 40K in NVDA over the last two months. Now sits at 80 percent of my retirement. Average cost basis is now $146â€¦Thoughts?,95,162
2025-07-17,NVDA,"I'm seriously considering investing $20,000 into NVDA. Do you think I should go for it?",397,507
2025-07-17,NVDA,Just backed up my truck at $171 and bought another load of NVDA folks!,70,54
2025-07-17,NVDA,"NVDA eyes China again, are we back in business?",111,23
2025-07-17,NVDA,The Deep Sea Mining Race Is Taking Off! I think this will be another positive thing for our world and ai especially NVDA! The rare earth minerals are needed now more than ever. I think this sector is worth looking into. What do yall think?,13,9
2025-07-16,NVDA,NVDAâ€™s Morningstar report got updated - $170 fair value,23,1
2025-07-15,NVDA,NVIDIA: The AI Infrastructure Colossus Forges Ahead Amidst Geopolitical Headwinds ($NVDA),6,0
2025-07-15,NVDA,Thoughts on NVDA calls,3,9
2025-07-15,NVDA,Everyone asks whatâ€™s the next nvda,69,57
2025-07-15,NVDA,NVDA wonâ€™t hit $200 ðŸ¤¡,30,10
2025-07-15,NVDA,"$NVDA Once again, the return of accurate entry!",72,13
2025-07-15,NVDA,why NVDA surged?!,83,36
2025-07-15,NVDA,Nvidia $NVDA has seen absolutely EXPLOSIVE net income growth matching by explosive stock price growth...,8,1
2025-07-15,NVDA,Nvda up 4% after hours and we got green futes!,43,30
2025-07-15,NVDA,Breaking: $NVDA shares up 2%,55,14
2025-07-13,NVDA,"NVDA to the moon, or at least until nothing else is left.",39,7
2025-07-13,NVDA,$NVDA growth is insane and unheard of! Is this the peak?,179,92
2025-07-11,NVDA,They mocked me when I was buying nvda at $14 and share 2.5 years ago folks!,260,158
2025-07-11,NVDA,What is the next NVDA?,163,244
2025-07-10,NVDA,NVDA Hits $4 Trillion,182,19
2025-07-09,NVDA,"They mocked me when I said NVDA would hit $1 trillion, then they mocked me when I said it'd hit $2 trillion, then when it hit $3 trillion!  Now they're still mocking me when I say it'll hit $5 trillion!",0,13
2025-07-09,NVDA,NVDA has once again reached a new high. Did you catch it?,146,50
2025-07-09,NVDA,NVDA back to 159 ðŸ«©,0,22
2025-07-04,NVDA,I bought NVDA and my son bought RBLX in Aprilâ€¦.,132,22
2025-07-03,NVDA,Nvda dividend,19,26
2025-07-03,NVDA,Can we get 1000% returns with NVDA?,27,57
2025-07-02,NVDA,"NVDA is rising today as analysts highlight its pivotal role in the autonomous driving sector, reinforcing bullish sentiment.",105,12
2025-07-01,NVDA,Should I sell and rebuy NVDA?,1,6
2025-07-01,AMZN,"â€œWEâ€™LL HAVE A DEEP PARTNERSHIP WITH $NVDA FOR A LONG TIME,â€ SAYS $AMZN CEO ANDY JASSY",47,6
2025-07-01,NVDA,NVDA might go down,0,28
2025-06-30,NVDA,"NVDA is moving today as Jim Cramer labels the stock â€œtruly unassailable,â€ boosting investor confidence",87,25
2025-06-29,NVDA,The NVDA journey has just begun,55,16
2025-06-27,NVDA,Jensen making me rich. NVDA $200 EOY. Watch.,131,53
2025-06-27,NVDA,NVDA is rising today as analysts predict the company will benefit from a surge in AI technology spending,42,3
2025-06-26,NVDA,Nvda will never hit $150 the bears said!!,57,61
2025-06-26,NVDA,NVDA is rallying today as renewed confidence in the AI sector boosts investor sentiment following strong market performance,68,5
2025-06-26,NVDA,NVDA options traders are aiming gat $160,14,6
2025-06-26,NVDA,NVDA updates,2,0
2025-06-25,NVDA,NVDA GAINS,25,1
2025-06-25,NVDA,MU warning sign for $NVDA,0,20
2025-06-25,NVDA,They made fun of me when I said I was buying nvda at $15 a share folks!,0,9
2025-06-25,NVDA,Crazy NVDA Bounce.,2,3
2025-06-25,NVDA,NVDA is rising as Wall Street remains optimistic about the company's prospects amid easing China concerns and strong AI demand,74,3
2025-06-25,NVDA,NVDA just breach $150! Where to next?,219,139
2025-06-24,NVDA,NVDA is moving today as CEO Jensen Huang initiates a preplanned sale of up to $865 million in company shares - Road to 150?,238,54
2025-06-24,NVDA,NVDA breaking through $150 - here's why this momentum feels different,123,50
2025-06-24,NVDA,"Folks, thanks for standing by me with nvda and keeping the faith!",38,40
2025-06-23,NVDA,"In NVDA /CRWV, reaching a million is not a dream. My Ukrainian girlfriend is proud of me.",38,9
2025-06-23,NVDA,NVDA is down today as Wall Street remains cautious about the stock's valuation following its recent surge,58,27
2025-06-20,NVDA,"NVDA is rising as Cathie Wood's fund rebuilds an $18.5M stake, signaling strong investor confidence amid market highs",143,57
2025-06-18,NVDA,NVDA is moving up as the company partners with Dell and Trend Micro to enhance AI-powered security solutions,113,24
2025-06-16,NVDA,Folks the big boyzzz are trying to scare us into selling! Nvda going to $150 soon and then $250 !,94,84
2025-06-13,NVDA,NVDA,2,3
2025-06-12,NVDA,Traders are building NVDA calls!,74,31
2025-06-12,NVDA,$AMD is making the transition $NVDA made,17,8
2025-06-11,NVDA,NVDA is down today as investors react to the CEO's cautious remarks on quantum computing's near-term potential at the GTC Paris event.,33,55
2025-06-10,NVDA,Folks and friends! I had a dream last night that nvda will eventually hit $250 a share,109,129
2025-06-10,NVDA,Can NVDA hit $150 or repeat the $140 pattern?,55,57
2025-06-10,NVDA,"Nvda is going to $70 bro!! No, it's going to $100 bro, you're an idiot!, it'll never get to $120 bro, it'll never get to $130 bro! It'll never get to $140 bro!",5,64
2025-06-09,NVDA,NVDA closed over 142!,130,66
2025-06-09,NVDA,"NVDA up as Huang commits to UK AI expansion, more tailwinds coming?",76,2
2025-06-09,NVDA,NVDA Synthetic Longs at $99 detected,49,12
2025-06-09,NVDA,"$NVDA 153 is going to be checked soon, what are your thoughts? New high?",15,10
2025-06-09,NVDA,"Folks we got to rejoice in Nvda, but this week is gonna be green I can tell already! Let's all stay vigilant.",0,9
2025-06-07,NVDA,NVDA hitting 92% GPU market share proves AMD completely gave up on competing,255,108
2025-06-06,NVDA,Nvidia Stock (NVDA) Preserves Pack Leader Status Following Q1,11,0
2025-06-05,NVDA,"NVDA is rising today as it regains its title as the most valuable company in the U.S., surpassing Microsoft.",99,19
2025-06-03,NVDA,What are the most promising NVDA related stocks?,39,55
2025-06-03,NVDA,NVDA breached $140 again,109,70
2025-06-02,TSLA,"TSLA is crap, NVDA is gold, why TSLA goes up in price, and NVDA goes down, donâ€™t know.",54,87
2025-06-02,NVDA,They made fun of me when I said NVDA to $200 folks and now Dan Ives says NVDA to $250!,124,124
2025-06-01,NVDA,NVDA to $200 says analyst!,223,174
2025-05-30,NVDA,How long does it take to purchase all NVDA share?,1,10
2025-05-30,NVDA,How much % is NVDA in your portfolio?,30,124
2025-05-30,NVDA,NVDA Hit $141 â€” Will It Be Able to Reclaim It? Hereâ€™s What the Data Says,15,20
2025-05-29,NVDA,Called NVDA $140 target perfectly - here's how I spotted this short-term opportunity,0,4
2025-05-29,AMZN,"If Iâ€™ve learned anything from the hay days of trading the nine hundred or so dollar, pre split $amzn stockâ€¦.",1,0
2025-05-29,META,Nvidia will create the matrix because the AI singularity is super close. We will lucid dream in the metaverse via neuralink.,14,7
2025-05-29,NVDA,Long Calls on SPY (related to nvda cuz it caused spy to pump) Any good or bad?,1,1
2025-05-28,NVDA,QS Nailed NVDA Earning Event Perfectly Today,0,0
2025-05-28,NVDA,"NVDA profiles  today, any one gains like me?",1,3
2025-05-28,NVDA,Will NVDA stock soar tomorrow after earnings?,25,79
2025-05-28,NVDA,LIVE Trading w/ AI Signals: 0DTE SPY & NVDA Earning Event in Real Time ðŸ”´ðŸ“ˆ,1,0
2025-05-27,NVDA,Thoughts on NVDA movement tomorrow,85,91
2025-05-27,NVDA,What are your thoughts on Nvidia (NVDA) earnings tomorrow?,73,124
2025-05-27,NVDA,Nvidia (NVDA) to Report Quarterly Earnings!!,12,4
2025-05-27,NVDA,NVDA Earnings Party Time!!,108,97
2025-05-26,NVDA,Nvda is gonna fly this week! Bossman has extended eu tariffs folks!,49,89
2025-05-25,NVDA,They mocked me when I said NVDA was going to $130 folks!,0,9
2025-05-25,NVDA,Pointless Predictions: where do you see NVDA stocks in 3 years? 7 years? 10?,9,22
2025-05-23,NVDA,"Are you guys at all concerned that over the last 12 months, NVDA basically always hits resistance around $140 per share?",60,90
2025-05-23,NVDA,Don't be disheartened team NVDA!  The big boyzz are trying to get us to sell!,0,9
2025-05-22,NVDA,We got green team NVDA!,3,22
2025-05-22,NVDA,nvda earnings preview: are we about to see another substantial surge?,29,38
2025-05-22,NVDA,Whales Are Betting Big on NVDA $150â€”You In or Out?,94,43
2025-05-22,NVDA,$NVDA insider trading from SEC form-4 filings,13,10
2025-05-22,NVDA,NVDA Stock Write Up,22,18
2025-05-21,NVDA,Team they're trying to trick us!  Keep the faith!  Long live NVDA!,0,17
2025-05-21,NVDA,"NVDA is moving higher today as the CEO criticizes U.S. export curbs on AI chips, claiming they harmed American companies.",77,5
2025-05-21,GOOGL,"Waymo, Gemini, and a $90B Quarter: Why I'm Shifting some NVIDIA profits into Google",36,17
2025-05-20,NVDA,NVDA Futures,25,17
2025-05-20,NVDA,I doubt NVDA will climb much this week. But next week is different story,53,17
2025-05-19,NVDA,$NVDA is up 15.58% in 3 days as predicted by AI-Powered Stock Forecasting Algorithm,19,3
2025-05-19,NVDA,Market Feels Weakâ€¦ But NVDA Isnâ€™t Cracking Yet,11,5
2025-05-16,NVDA,NVDA call option (leap) down on a day when NVDA is slightly up,6,2
2025-05-16,NVDA,What % of your portfolio is NVDA,44,170
2025-05-16,NVDA,Unusual Call Activity on $NVDA This Week â€” Big Bets at $135 and $140,43,22
2025-05-15,NVDA,How does NVDA benefits?,0,10
2025-05-15,NVDA,NVDA midweek review,13,0
2025-05-15,TSLA,"Tengler: Adds to Positions in NVDA, TSLA, PLTR & More",0,0
2025-05-14,NVDA,$NVDA (NVIDIA) breaking out of the falling wedge on the weekly.,37,26
2025-05-14,NVDA,What will happen next after NVDA's recent sharp increase?,43,67
2025-05-13,NVDA,Ainâ€™t no stopping NVDA,34,26
2025-05-13,NVDA,"$NVDA 18,000 Chips to Saudi Arabia, this is why Nvidia is up heavily today.",17,1
2025-05-13,GOOGL,Jensen is in Saudi Arabia with Trump. Watch the Kingdom become the first major state hyper scaler after the Microsoft/Amazon/Google corporates led the wayâ€¦,19,3
2025-05-13,NVDA,They MOCKED me yesterday when I said NVDA was headed to $130 now folks!,49,117
2025-05-13,NVDA,How long have you been trading NVDA and are you trading just shares or also trading options?,3,9
2025-05-12,NVDA,"Team, the FLOOR is in for NVDA at $120 is my estimate!  Great job today all!",0,44
2025-05-12,NVDA,"Shotout to everyone who sold NVDA at $89, thank you",131,39
2025-05-12,NVDA,Bullish NVDA in options volume,9,4
2025-05-12,NVDA,NVDA $122 premarket!  We rollin Boyzzz!,88,43
2025-05-11,NVDA,Any upcoming catalysts for NVDA this week?,26,43
2025-05-10,NVDA,The Metric We Use to Forecast Our GPU Spendâ€”And NVDA Demand,2,0
2025-05-09,NVDA,NVDA trade plan,24,4
2025-05-09,NVDA,NVDA higher on the month and 5 days!  We going higher friends!,0,52
2025-05-08,NVDA,Nvda morning briefs,35,14
2025-05-07,NVDA,NVDA whales calls are piling up,45,21
2025-05-06,NVDA,Would you agree with me if I told you that NVDA can head below $80?,212,239
2025-05-06,NVDA,Bossman cuts China tarrifs to 60%! Nvdas gonna fly folks!,0,28
2025-05-02,NVDA,Congrats to all the people who sold NVDA at $89,279,170
2025-05-02,NVDA,Bye bears!  You can hibernate now!  NVDA headed to $120!,240,127
2025-05-02,NVDA,NVDA eyeing a breakout,55,19
2025-05-01,NVDA,"Cramer says nvda is ""only gonna get worse!... not done going down.""...",49,64
2025-05-01,MSFT,Which NVDA or MSFT Stock Analyst will be the first to say they were wrong?,14,18
2025-05-01,NVDA,"They mocked me and said ""NVDA is going to $90!!""  a few weeks ago guys!",0,41
2025-04-30,META,"Because of Metaâ€™s earnings, Iâ€™ll be making a fuckton of money tomorrow!",96,57
2025-04-30,NVDA,Trump is playing 4D chess with NVDA and using it as a China bargaining chip,0,41
2025-04-28,NVDA,"For fun, guess what you think NVDA will be exactly 2 years from now.",14,69
2025-04-28,NVDA,Late afternoon fake out! Nvda $106 bottom as predicted!,0,18
2025-04-28,NVDA,"They mocked me yesterday and said ""NVDA is going down big time this week!""",0,20
2025-04-27,NVDA,NVDA whales are flipping their sentiment,193,81
2025-04-26,NVDA,Nvda to the moon! Sorry bears!,92,139
2025-04-25,NVDA,$NVDA Price variation,1,10
2025-04-25,NVDA,"Team NVDA, I told you all that the bottom was in and nobody believe me!  I am ALWAYS right in the end!",0,19
2025-04-25,NVDA,NVDA finally starting to see upside potential above 110+ (All time high is on route),3,5
2025-04-25,NVDA,Are You Still BULLISH or BEARISH on NVDA?,30,53
2025-04-25,NVDA,NVDA is up! What do you think Trump will do to tank it?,117,157
2025-04-24,GOOGL,Upvote if holding Nvidia (GOOGL's Earnings is a HUGE WIN For NVIDIA Shareholders),52,11
2025-08-01,AAPL,AAPL is down today as investors react to a weak jobs report and renewed tariff concerns following Trump's recent announcements,32,28
2025-07-31,AAPL,AAPL,13,13
2025-07-31,AAPL,I remember when AAPL behaved like MSFT and NVDA.....those were the times....,18,35
2025-07-31,AAPL,"[Question] How do we think AAPL earnings will play out? From what I've seen online stock sentiment is bearish across reddit, X, and stocktwits",21,71
2025-07-29,AAPL,AAPL: Will Thursdayâ€™s Earnings Justify the Hype?,33,58
2025-07-28,AAPL,Apple (AAPL) Finally Returns to Growth in China Smartphone Market - TipRanks.com,20,1
2025-07-28,AAPL,AAPL is moving higher as markets react positively to a new US-EU trade deal that eases trade war concerns ahead of earnings,32,19
2025-07-22,AAPL,AAPL Is Poised to Rip Post-Earnings (And Why I'm All In),71,57
2025-07-22,AAPL,AAPL: Strong Earnings Expected â€” And Other Important Updates,34,23
2025-07-22,AAPL,"With Buffet removing his aapl shares, and appl sales going down, what is your take on this and why ?",1,5
2025-07-21,AAPL,"AAPL is rising as analysts report the company is developing a foldable phone, boosting investor interest.",56,36
2025-07-20,AAPL,$AAPL looks like a ticking bomb here.,48,38
2025-07-17,AAPL,What AAPL needs now..,33,14
2025-07-13,AAPL,$AAPL shows why we buy quality names off the 200-week SMA.,68,34
2025-07-10,AAPL,$AAPL heating up.,59,56
2025-07-09,AAPL,Todayâ€™s trading AAPL Apple Inc 7/09/25,4,2
2025-07-07,AAPL,AAPL is down today as a Trump advisor criticizes the company for slow production shifts away from China amid tariff concerns,32,20
2025-07-07,AAPL,AAPL finally broke out - here's what I learned about timing trades,0,11
2025-07-07,AAPL,"Best month of the year, right after a quarter of underperformanceâ€¦ Are the stars finally aligning for $AAPL?",19,21
2025-07-04,AAPL,"AAPL Analysis for Week of July 7th, 2025",5,4
2025-07-03,AAPL,AAPL gets a boost from Jefferies upgrade and China iPhone rebound,57,9
2025-07-02,AAPL,When AAPL dips 0.3 and CNBC brings out the funeral music,25,6
2025-07-02,AAPL,Who doesn't love some freshly squeezed $AAPL juice?ðŸ§ƒ,33,4
2025-06-29,AAPL,My case for $AAPL to be the best stock of July,79,70
2025-06-29,AAPL,Iâ€™m all in on AAPL calls,18,20
2025-06-28,AAPL,Rest of the Market is Cooking.. .and AAPL is flatlining.....,21,51
2025-06-27,AAPL,Bullish on AAPL to $212.50,9,16
2025-06-26,AAPL,Bought BRK.B instead of AAPL,32,29
2025-06-26,GOOGL,Apple Faces Pressure Over Google Search Revenue and Other Important Updates,2,9
2025-06-24,AAPL,"Weekly Trade Tip: June 25 â€“ July 1, 2025 -> AAPL",2,1
2025-06-22,AAPL,Upvote if holding AAPL and expecting 260+ to be tested within 12-24 months,96,21
2025-06-20,AAPL,AAPL's month-long pullback presents opportunity: Smart AI strategy meets technical breakout setup,14,9
2025-06-18,AAPL,"Bought more AAPL Stock Today, Quick Technical Analysis",16,7
2025-06-17,AAPL,AAPL is down today as a U.S. court denies its request to dismiss an antitrust case regarding iCloud practices.,25,7
2025-06-17,AAPL,Bought more AAPL stock today,59,38
2025-06-17,AAPL,Aapl stock not good,0,14
2025-06-16,AAPL,AAPL technical analysis: $193 is the critical support level - here's my options strategy,15,15
2025-06-16,AAPL,"$AAPL If you are Apple and you are raking in the profits from your iPhone sales, you can make a lot of those profits just disappear from your taxable income,â€ said Alexander Arnon, a senior policy analyst at the University of Pennsylvaniaâ€™s Wharton School budget model team.",4,0
2025-06-11,AAPL,Aapl down -3% in 1 year. finally the day has come of Aapl being red after 1 year,64,50
2025-06-11,AAPL,AAPL Is at a Probable Bottomâ€”Reversal Incoming,22,22
2025-06-11,AAPL,"How come when AAPL is ripping, the trolls are nowhere to be found on this sub?",11,21
2025-06-09,AAPL,AAPL Stock Analysis for June 10th,2,1
2025-06-07,AAPL,NVDA did it so will AAPL,23,20
2025-06-04,AAPL,"AAPL holding strong at $200 support, my favorite big tech play right now",32,30
2025-06-02,AAPL,Opening trades $AAPL Apple Inc 6/02/25 8:00am Pacific,2,0
2025-06-01,AAPL,AAPL is over 22% below its peak price.,38,44
2025-05-30,GOOGL,Google DOJ Search Remedies Closing Arguments Today,1,0
2025-05-30,AAPL,ðŸ–•ðŸ¼you too AAPL,6,3
2025-05-29,AAPL,AAPL technical analysis: Double bottom at $193 support - realistic path to $225?,9,15
2025-05-29,AAPL,Opening trades $AAPL Apple Inc 5/29/25 8am Pacific,1,0
2025-05-29,AAPL,AAPL Apple Inc 5/28/25. Itâ€™s gonna be an interesting day of trading tomorrow morning.,7,18
2025-05-28,AAPL,AAPL up after federal court blocks Trump tariffs,44,13
2025-05-28,AAPL,Trading update. $AAPL Apple Inc. 5/28/25 10:46am Pacific,1,4
2025-05-28,AAPL,Upvote if buying AAPL for Longterm.,21,1
2025-05-28,AAPL,Opening trades $AAPL Apple Inc. 5/28/25 8:00am Pacific,7,2
2025-05-27,AAPL,Opening trades $AAPL Apple Inc 5/27/25 8am Pacific,1,0
2025-05-26,AAPL,Futures PXs on AAPL,8,0
2025-05-23,AAPL,Todayâ€™s trading and the tariff news affect on $AAPL Friday 5/23/25,1,0
2025-05-23,AAPL,upvote if you are BUYING the AAPL DIP,59,4
2025-05-23,AAPL,Is Apple stock in a death spiral?  Buy or Sell $AAPL,0,26
2025-05-23,AAPL,Opening trades $AAPL Apple Inc. 5/23/25,1,1
2025-05-21,AAPL,Current Call prices for AAPL Apple Inc June 6th expiration 5/21/25 info courtesy E*Trade,2,0
2025-05-21,AAPL,$AAPL opening trades 5/21/25,5,5
2025-05-21,AAPL,"After last week's dip, it's high time for AAPL to bounce back: The AI catalyst we're overlooking",20,32
2025-05-19,AAPL,$AAPL opening trades 05/19/25,7,16
2025-05-16,AAPL,Long call prices on $AAPL (Apple Inc) for May 23rd and May 30th exp. ($212.5 & $215 strikes),6,18
2025-05-16,AAPL,Buying AAPL Apple Inc Call options.,9,4
2025-05-16,AAPL,Optimistic about AAPL's future performance,9,5
2025-05-15,AAPL,What are your thoughts on AAPL for this YEAR of 2025?,3,0
2025-05-13,AAPL,"AAPL latest update for May 13th, 2025 (Bullish)",2,0
2025-05-12,AAPL,Upvote if ya bought the Dip on AAPL. congrats if you held because we're up.,8,2
2025-05-09,AAPL,"Mag 7 Including AAPL. I think stay patient, and await for further news. (Keep buying the dip for longterm investors)",1,1
2025-05-08,GOOGL,Appleâ€™s AI Search Ambitions Threaten Googleâ€™s $20 Billion Safari Deal,6,0
2025-05-07,AAPL,Upvote if you are a Shareholder of AAPL. We are anticipating move to the upside.,35,6
2025-05-02,AAPL,"Why Shares of AAPL are Dropping in the Aftehours, and What we are doing.",0,3
2025-04-30,AAPL,"Upvote if holding AAPL. Calm down, DCA, and SIT TIGHT for MAY 2025 ðŸš€",10,0
2025-04-29,AAPL,Upvote if Optimistic on AAPL's Earnings,15,2
2025-04-28,AAPL,Upvote if you've held & bought the AAPL dip. Earnings is coming up.,14,2
2025-04-26,AAPL,"Tom Lee just SAID We've BOTTOMED OUT, huge NEWS for AAPL",6,2
2025-04-24,AAPL,Is AAPL even worth buying? Or should i just NVIDIA + GOOGL,0,5
2025-04-24,AAPL,Upvote if you bought the dip. AAPL got new upgrades from firms on Unusual Whales,2,1
2025-04-24,AAPL,"AAPL's greatness doesnâ€™t need an explanation, bullish for the rest of 2025",19,5
2025-04-22,AAPL,"AAPL Got Mentioned here, 7 Tech Giants Are About to Make Investors $$$",0,0
2025-04-21,AAPL,Upvote if you bought more AAPL Stock (Bullish Longterm for 2025),9,1
2025-04-16,AAPL,"$AAPL 4 additional analysts and firms on apple, they seem bullish.",0,1
2025-04-15,AAPL,New 13F disclosure: Rhumbline Advisers added 196K shares of AAPL to their portfolio last quarter. You can track Apple institutional owners here:,9,2
2025-04-15,AAPL,Upvote if you bought any of the dip for AAPL Stock during the last few weeks.. It's been an amazing opportunity for Longterm Investors really.,6,1
2025-04-15,AAPL,What a roller coaster ride of trading so far this morning for AAPL,0,10
2025-04-14,AAPL,Currently LIVESTREAMING AAPL Stock if anyone wants to request!,1,0
2025-04-14,AAPL,"$AAPL 2 additional apple upgrades from 2 analysts today on unusual whales. Tom Lee also discusses his latest opinions on the stock market, with Apple bullish sentiment.",4,0
2025-04-14,AAPL,AAPL ? in overnight trading?? I hope this is right. ðŸ˜ŠðŸâ¤ï¸,11,15
2025-04-14,AAPL,AAPL up significantly in overnight trading despite Trump update ðŸ¤·â€â™‚ï¸,35,31
2025-04-13,AAPL,I have calls on AAPL but now do I dipâ€¦?,7,16
2025-04-13,AAPL,AAPL Upside (Bullish for both short-term traders & long-term investors) (Opinion/Thoughts),7,13
2025-04-13,AAPL,"Keep an eye out for AAPL, NVDA to both be Green/Lead the stock market rally this week of 4/14 - 4/18 ""TRUMP EXEMPTS TARIFFS ON 20 PRODUCTS""",0,4
2025-04-12,AAPL,AAPL will Lead Tech to the Upside this week LATEST TARIFF UPDATE is BULLISH. Upvote if you bought AAPL during the last few weeks.,4,0
2025-04-12,AAPL,ðŸš¨Good News for AAPL Investors. Upvote if you bought the dip. TRUMP EXEMPTS TARIFFS ON 20 PRODUCTS!!! - AAPL & NVIDIA + Market Rally for 4/13 - 4/18,3,0
2025-04-11,AAPL,AAPL 4/11/25,8,14
2025-04-11,AAPL,Upvote if you bought more AAPL during the dip. Expecting more upside movement.,13,2
2025-04-10,AAPL,AAPL Apple Inc,1,7
2025-04-09,AAPL,AAPL Apple Inc up huge. Up $26. Options up higher also,10,5
2025-04-08,AAPL,AAPL Longs Recommendations?,34,40
2025-04-07,AAPL,Upvote if you are buying AAPL Stock,22,6
2025-04-07,AAPL,AAPL's latest data on SqueezeFinder,2,0
2025-04-07,AAPL,Upvote if YOU ARE BUYING the AAPL DIP,28,6
2025-04-06,AAPL,Bulls on Parade! Reminders on Why We Own AAPL,24,5
2025-04-04,AAPL,AAPL closes trading today at $188.38 todayâ€™s chart below,1,2
2025-04-04,AAPL,Are you buying now or waiting it out? Upvote if buying AAPL today.,0,0
2025-04-04,AAPL,"Is now the right time to buy AAPL, or should I wait?",20,48
2025-04-03,AAPL,Five year chart of AAPL Apple Inc.,0,2
2025-04-03,AAPL,AAPL trading so far this morning. 0949hr 9:49am Pacific,1,18
2025-04-03,AAPL,"$AAPL The last 10 firms have AAPL as a buy, 3 of them from today.",1,0
2025-04-03,AAPL,"AAPL down 9% -$21 on tariff news waiting for a new support level before doing anything else in options, buying a few shares to dollar cost average. Nice time to take a vacay til things settle down.",1,39
2025-04-03,AAPL,AAPL tariff exemption?,6,15
2025-04-02,AAPL,Go Go AAPL Go!! Third day in a row ðŸ˜Š Apple Inc trading as of 8:08am Pacific 04/02/25,0,10
2025-03-31,AAPL,"With 10 minutes left in trading, AAPL Apple Inc trading so far today",16,12
2025-03-31,AAPL,AAPL Apple Inc trading so far this morning,2,1
2025-03-31,AAPL,"One year, 6 month & 1 month Charts on AAPL (Apple Inc)",0,0
2025-03-31,AAPL,Buying long calls on AAPL.,7,29
2025-03-28,AAPL,AAPL Latest Analysis for April 2025,0,0
2025-03-25,AAPL,AAPL Latest Analysis for April 2025,3,0
2025-03-23,AAPL,AAPL & Magnificent 7 Stock Analysis - Which is a Buy or Sell?,3,1
2025-03-17,AAPL,LATEST Analysis on AAPL STOCK (Buy the dip),0,3
2025-03-14,AAPL,Upvote if you ADDED Into AAPL. I think this is just a DIP OPPORTUNTIY. (LONGTERM FTW),0,3
2025-03-13,AAPL,A Little AAPL Share Price Perspective,17,15
2025-03-12,AAPL,AAPL is a Stock I would Sell in this Bear Market,0,1
2025-03-10,AAPL,AAPL ANALYSIS after TRUMP Wont RULE OUT RECESSION Alarms Investors,0,2
2025-03-07,AAPL,AAPL is HOLDING extremely STRONG at the moment,3,1
2025-03-03,AAPL,Investors are switching to AAPL from NVIDIA,7,2
2025-02-23,AAPL,AAPL is a safe place in a risky market,14,4
2025-02-21,AAPL,Today's data for AAPL,2,0
2025-02-14,AAPL,"AAPL, a week ago, we were selling like our life is counting on it, and now we're back.",50,38
2025-02-14,AAPL,AAPL's latest data on SqueezeFinder,2,0
2025-02-13,AAPL,"If you haven't seen it yet, check out the latest video on AAPL stock!",0,0
2025-02-13,AAPL,"AAPL Analysis for February 14th, 2025 - What to expect",1,1
2025-02-12,AAPL,"Latest AAPL Technical Analysis Video (YouTube) forecast for Feb 13th, 2025",2,0
2025-02-11,AAPL,"Latest Analysis from TODAY for FEBRUARY 12th, 2025 for AAPL STOCK",2,0
2025-02-11,AAPL,"Upvote if holding AAPL shares longterm, analysis here for 2025",52,2
2025-02-10,AAPL,"AAPL @ 229, longterm looking for 330+",0,3
2025-02-10,AAPL,Serious: what would you do in this situation? $AAPL calls,8,12
2025-02-05,AAPL,AAPL Chart for February 2025,3,0
2025-02-04,AAPL,Upvote if holding AAPL Longterm. AAPL Chart Analysis for everyone.,74,6
2025-02-03,AAPL,AAPL,9,2
2025-01-31,AAPL,And this is probably why you donâ€™t sell AAPL (I sold about 30% of my position in recent days),44,18
2025-01-30,AAPL,AAPL Latest update and chart analysis for February,0,0
2025-01-28,AAPL,"Best AAPL TITLE of a VIDEO EVER LOL, But YESS EAT AAPL DIPS",0,0
2025-01-27,AAPL,Upvote if HOLDING AAPL (that dip opportunity was REALLY good!),156,14
2025-01-27,AAPL,HES LIVE TECHNICAL ANALYSIS at the MOMENT if anyone wants to REQUEST AAPL,0,0
2025-01-27,AAPL,AAPL 2025 what to expect (BULLISH),0,0
2025-01-27,AAPL,6  month chart AAPL Apple Inc.,2,12
2025-01-25,AAPL,AAPL calls or puts for earning?,0,7
2025-01-25,AAPL,What makes you believe AAPL is a good long term investment?,24,49
2025-01-24,AAPL,2011 article â€œRiding the AAPL slingshotâ€.,9,23
2025-01-22,AAPL,"For those in AAPL, this is a REALISTIC CAUTIONARY for JUST THE SHORT-TERM. LONGTERM AAPL is going to BE PERFECTLY FINE!! (NFA)",0,2
2025-01-21,AAPL,"Look AAPL is a great Longterm Stock, but in the Short-term need to view this as a dip opportunity. We REALISTICALLY also need to wait until AAPL actually releases GOOD product. No one wants to upgrade a Phone every single year. But AAPL is also much more than that. WATCH THIS VIDEO for AAPL STOCK",0,1
2025-01-19,AAPL,AAPL Rated as TOP 5 purchases for 2025,5,5
2025-01-18,AAPL,How likely is AAPL to go up this week? ,5,39
2025-01-17,AAPL,(upvote if Longterm on AAPL) little brief review and analysis for AAPL for Today!,15,0
2025-01-16,AAPL,AAPL  Retire Us ,38,12
2025-01-16,AAPL,"Watch This Video BEFORE you BUY AAPL, this is a MUST",0,0
2025-01-15,AAPL,"I'm so glad people took advantage of that AAPL Dip opportunity, I hope you did!!",0,5
2025-01-15,AAPL,Dollar Cost Average sounds pretty good right now (Including AAPL),1,0
2025-01-14,AAPL,"Patience, AAPL is on track to retest 260 - 300 anyhow. This is just a really good dip opportunity in our opinion.",16,3
2025-01-13,AAPL,"For those in AAPL, this is the latest update for 2025 (Bullish)",9,7
2025-01-11,AAPL,AAPL Latest Price Target between 2025 - 2027 for AAPL,3,1
2025-01-10,AAPL,Upvote if still here on AAPL (Wanting to see how many are active here) [ Updated Technical Analysis post for AAPL ],95,7
2025-01-07,AAPL,AAPL Updated Analysis for 2025: Great Longterm Pick as we should see test towards 325,2,1
2025-01-03,AAPL,"If you haven't yet, be SURE to JOIN FREELY here for OUR AAPL DISCUSSIONS 30,000+ people its free literally. https://discord.gg/bullishraid",0,0
2025-01-01,AAPL,"We've said it at 180s, we'll say it again. AAPL WILL test towards 320 during 2025.",14,1
2024-12-27,AAPL,I sold my dog in 2014 and put $200 in AAPL,0,3
2024-12-26,AAPL,aapl vs aapx 2x apple stock,3,0
2024-12-26,AAPL,Like or Upvote this POST if you think AAPL will reach $300+ during 2025!,102,7
2024-12-16,AAPL,"First half of 2025, may see 320 test for $AAPL",10,10
2024-12-16,AAPL,"Apple is set to unveil a thinner iPhone next year, with plans for a foldable phone in 2026 and a foldable ipad in 2028. Meanwhile, Tim Cook met Trump last Friday, and $AAPL hit an all-time high. ",21,3
2024-12-15,AAPL,Anyone here all in AAPL?,38,54
2024-12-11,AAPL,AAPL has been looking really good as of lately. It's a safe longterm pick in my opinion for sure.,10,3
2024-12-10,AAPL,AAPL still firm and excited on 320 test for AAPL. Longterm Should be good.,11,1
2024-12-10,AAPL,"AAPL headed to 320 possibly, great longterm stock analysis (bullish raid in google if wanting to discuss)",23,4
2024-12-10,AAPL,AAPL Technical Analysis for 2025 (Shows potential 320?),8,0
2024-12-04,AAPL,"When NVDA rips, AAPL dips",3,14
2024-11-23,AAPL,  QRVO...someday $AAPL might take over.,0,2
2024-11-19,AAPL,"Update to recent post, sold tiny amount of AAPL to buy GOOG",9,13
2024-11-15,AAPL,"For anyone in AAPL, this is a MUST for open discussions",0,0
2024-11-05,AAPL,5 Unexpected Market Events for AAPL stock and its company Apple,0,1
2024-10-20,AAPL,AAPL to 300? ,18,13
2024-10-13,AAPL,Apple (AAPL) to the moon!!!,10,11
2024-10-03,AAPL,AAPL 10/3 5min chart ,2,0
2024-09-30,AAPL,AAPL still good?,13,42
2024-09-20,AAPL,Thoughts on AAPL hitting $245 by December?,7,28
2024-09-19,AAPL,Sold some AAPL 10/18 $235 calls ,0,0
2024-09-17,AAPL,AAPL doing something good?,0,1
2024-09-16,AAPL,Apple's iPhone 16 Pre-Order Struggles: A Buying Opportunity? for NASDAQ:AAPL by DEXWireNews,4,0
2024-09-10,AAPL,Apple Loses â‚¬13 Billion Tax Battle with the EU for NASDAQ:AAPL by DEXWireNews,5,1
2024-08-19,AAPL,AAPL trading August so far. 08/19/24 12:19pm PDT,4,3
2024-08-07,AAPL,AAPL trading so far today 08/07/24 07:47am,3,5
2024-08-04,AAPL,AAPL not doing well?,0,2
2024-08-01,AAPL,New trade AAPL Aug09 $230 calls 09:17am 08/01/24,3,9
2024-07-31,AAPL,Trade Update AAPL $225 calls Aug02 6:34am 07/31/24,9,9
2024-07-30,GOOGL,"Apple used Google's chips to train two AI models, research paper shows",4,3
2024-07-29,AAPL,New trade update AAPL $225 calls Aug02 11am 07/29/24,10,12
2024-07-26,AAPL,Update: AAPL trading July 2024 so far with 4 trading days left,0,2
2024-07-23,AAPL,AAPL trading July 2024 so far,10,3
2024-07-17,AAPL,AAPL update: stock break in out from support 11:29am July 17 ,7,4
2024-07-17,AAPL,AAPL,2,9
2024-07-17,AAPL,AAPL update: July 17 10:07am PDT,3,2
2024-07-17,AAPL,AAPL July 26 $240 calls chart last two hours 9:42am PDT,2,2
2024-07-17,AAPL,AAPL day chart so far July 17 8:17am PDT,3,28
2024-07-17,AAPL,How Low can Aapl go an August Miss on earnings. ,2,15
2024-07-16,AAPL,Chart AAPL option July 16 9:47am,2,16
2024-07-15,AAPL,Trade Update AAPL 7/19 $235 calls  8:07am July 15,9,14
2024-07-12,AAPL,Trade update AAPL call options July 12 8:08am,6,15
2024-07-11,AAPL,Chart AAPL July 19 $235 calls so far this morning ,4,13
2024-07-11,AAPL,New AAPL options position JULY 11 6:43am,6,28
2024-07-10,AAPL,AAPL Option strategies,1,3
2024-07-10,AAPL,Current AAPL position July 10 7:33am,10,22
2024-07-09,AAPL,AAPL ,6,7
2024-07-09,AAPL,"Apple, $AAPL, is now the most valuable company in the world:",4,0
2024-07-08,AAPL,When to realize gains on AAPL call?,4,9
2024-07-08,AAPL,New position in AAPL,11,9
2024-07-05,AAPL,New AAPL options position,2,7
2024-07-03,AAPL,Sold a ton of long call options on $AAPL to close ðŸ˜Š,1,10
2024-07-03,AAPL,Final trade update: AAPL hits new ATH! Have a great holiday weekend!! God Bless America!!!,16,9
2024-07-02,AAPL,AAPL - testing resistance again. Can it break on through to the other side?? Possibly new ATHs,0,4
2024-06-29,AAPL,$AAPL stock price at close Friday 06/28/24,4,6
2024-06-28,AAPL,Closing chart AAPL June28 212 1/2 calls,1,1
2024-06-25,AAPL,Trade recap: long AAPL call options,1,0
2024-06-24,AAPL,Buying again !!!! 4DTE June28 AAPL 212 1/2 Calls for $0.75â€¦ $75 per contract!! You all got ten minutes before market close,14,46
2024-06-23,AAPL,5 year chart AAPL,7,6
2024-06-23,AAPL,$212 1/2 June 28 AAPL calls,8,22
2024-06-21,AAPL,Apple $AAPL in premarket 6:17am 6/21/24,4,6
2024-06-20,AAPL,Bought a ton of long call options on $AAPL,5,44
2024-06-18,AAPL,XLK rebalancing 06/21 NVDA and AAPL,9,3
2024-06-18,AAPL,AAPL and NVDA to rise 50% more by elections ,1,18
2024-06-18,AAPL,Bought a total 51 long calls in AAPL,18,53
2024-06-18,AAPL,Opening AAPL long call position,1,22
2024-06-17,AAPL,A twitter thread about $AAPL's entertainment sector,3,7
2024-06-17,AAPL,Time to buy call options on AAPL,3,3
2024-06-16,AAPL,Will AAPL go to 500 in the next couple of years? ,0,54
2024-06-14,AAPL,Difference between r/AAPL and r/applestocks,2,2
2024-06-13,AAPL,A Little AAPL History ,12,6
2024-06-12,AAPL,Will AAPL REACH $230 tomorrow?,24,39
2024-06-12,AAPL,"AAPL to the moon, celebrate by working in Apple Park virtually today

",5,0
2024-06-10,AAPL,Are there talk between AAPL and BIDU still in Progress?,1,0
2024-05-30,AAPL,Apple Partners With OpenAI for AI Integration Into iOS & MacOS for NASDAQ:AAPL by DEXWireNews,10,0
2024-05-11,AAPL,Apple Set to Integrate Sam Altman-Led's ChatGPT On iPhones for NASDAQ:AAPL by DEXWireNews,3,0
2024-05-03,AAPL,Apple Stock Surges 7% After Record-Setting $110B Stock Buyback for NASDAQ:AAPL by DEXWireNews,7,1
2024-05-02,AAPL,Apple ($AAPL) Set to Report its Second-Quarter Results for NASDAQ:AAPL by DEXWireNews,3,0
2024-04-27,AAPL,Apple Explores Partnership with OpenAI for iPhone Generative AI for NASDAQ:AAPL by DEXWireNews,9,4
2024-04-16,AAPL,It makes still sense to invest in AAPL when NVIDIA is skyrocketing?,0,6
2024-04-11,AAPL,Apple Revolutionizes Mac Line with AI-Focused M4 Chips: ðŸðŸ’» for NASDAQ:AAPL by DEXWireNews,4,3
2024-04-05,AAPL,AAPL (Apple Inc.) - Double Bottom Pattern,1,5
2024-04-02,AAPL,How you guys holding up during the AAPL dip?,18,26
2024-03-27,AAPL,AAPL SET TO SKYROCKET TOMORROW!!!,0,25
2024-03-27,AAPL,Thoughts on AAPL?,2,12
2024-03-27,AAPL,AAPL rebound part 2???,0,3
2024-03-25,AAPL,AAPL REBOUND?,6,29
2024-03-21,AAPL,DOJ Sues Apple Inc. in Antitrust Case Over iPhone for NASDAQ:AAPL by DEXWireNews,2,1
2024-03-19,AAPL,Apple (NASDAQ: $AAPL) Pays $490M Settlement as Potential Impact of TikTok Ban Looms â€“ Stock Slides 7%+ YTD,0,2
2024-03-16,AAPL,Apple Reaches $490 Million Settlement Over China Sales Comments for NASDAQ:AAPL by DEXWireNews,0,3
2024-03-13,AAPL,69% of gaps down that fill CLOSE RED for AAPL,1,0
2024-03-13,AAPL,AAPL needs a CPR,9,35
2024-03-12,AAPL,AAPL CLOSES BELOW its previous day's closing price ON THESE WEEKDAYS,0,4
2024-03-10,AAPL,AAPL stays within this overnight range ONLY 4.4% OF THE TIME,0,9
2024-03-10,AAPL,is FRIDAY the BEST WEEKDAY to trade AAPL?,2,0
2024-03-08,AAPL,AAPL fills the gap over 75% OF THE TIME on THIS WEEKDAY,6,2
2024-03-07,AAPL,ðŸš¨ðŸ“‰ $AAPL is about to set a new record for the most consecutive red days in the last year!,1,9
2024-03-05,AAPL,AAPL has the highest trading volume in THIS MONTH for the past 3 YEARS,1,8
2024-03-03,AAPL,AAPL breaks below the 15 min opening range 64% OF THE TIME ON THIS WEEKDAY,4,0
2024-03-02,AAPL,So AAPL & GOOG were red while the whole market was green today 03/02/24?,3,2
2024-02-28,GOOGL,Worth buying Apple and Google right now?,10,26
2024-02-28,AAPL,How will Appleâ€™s announcement of AI Siri supposedly in dub dub affect AAPL,7,15
2024-02-27,AAPL,Increase AAPL holdings,12,21
2024-02-20,AAPL,The Endless Legal Saga: Apple Emerges Victorious for NASDAQ:AAPL by DEXWireNews,3,0
2024-02-16,AAPL,I just bought AAPL stocks and I'm not sure if it's a good investment.,11,15
2024-02-15,AAPL,Apple's Vision Pro Faces Early Adoption Woes for NASDAQ:AAPL by DEXWireNews,3,0
2024-02-10,AAPL,Apple Settles Trade Secrets Lawsuit Against Chip Startup Rivos for NASDAQ:AAPL by DEXWireNews,1,0
2024-02-06,AAPL,Howâ€™s everyone feeling about AAPL?,7,27
2024-02-02,AAPL,What are AAPL's AI strategies?,3,3
2024-02-01,AAPL,how often does AAPL close green on Thursday's?,4,15
2024-01-29,AAPL,Is AAPL going to acquire PLAB's semiconductor mask facility?,3,0
2024-01-27,AAPL,how much of ATR does AAPL fill by weekday,2,0
2024-01-21,AAPL,a breakdown of AAPL's green & red streaks in the past year,3,0
2024-01-19,AAPL,S&P500 Prints Record Highs | $SAVE $AMD $TSLA $MARA $AAPL | Most Active ...,2,0
2024-01-18,AAPL,$SAVE $AMD $TSLA $PLUG $MARA $AAPL $AGFY $F $LCID $RIVN Most Active Stoc...,0,0
2024-01-03,AAPL,Should i buy aapl now if i just want it to sit?? or do i go for something else,2,9
2023-12-22,AAPL,how can I pinpoint which weekday tends to have the highest trading volume and the biggest range? $AAPL,3,13
2023-12-20,AAPL,Will $AAPL CLOSE ABOVE $200 before 2024?,2,3
2023-11-30,AAPL,"average true range (ATR): what is it, and how can you use it to trade $AAPL?",3,1
2023-11-17,AAPL,how to leverage AAPL's average range by weekday with its range to ATR by weekday to build a trading strategy tailored to daily movements,2,0
2023-11-13,AAPL,let's take a look at $AAPL's gap fill data from 11/14/22 - 11/10/23,2,2
2023-11-05,AAPL,AAPL range to ATR by weekday 11/07/23 - 11/03/23,2,0
2023-11-03,AAPL,"$AAPL fell 3% in after-hours trading after warning of dull holiday quarter, blaming weak demand for iPads and wearables, especially in China",0,1
2023-10-30,AAPL,AAPL green & red days by weekday | 07/31/2023 - 10/27/2023,4,2
2023-10-30,AAPL,"$AAPL | Monday gap fill data, 3 month data",6,6
2023-10-26,AAPL,"the price of AppleTV is going up 42%! ðŸ¤¯was $6.99, now $9.99! want something free that'll make you feel good? here's an insight for all you $AAPL traders - let's have a green day to cover those expenses lol",0,1
2023-10-19,AAPL,"AAPL average range & volume by weekday, YTD as of 10/18/23",1,3
2023-10-14,AAPL,"AAPL average volume & range by weekday, YTD as of 10/12/23",2,1
2023-10-03,AAPL,AAPL measly dividend,0,11
2023-10-03,AAPL,"Short Interest Data for AAPL: For the 2-week period, ending on Settlement Date 9/15/2023: ~107.3 Million shares were shorted out of a total of 15.6 Billion Outstanding Shares. Therefore, $AAPL has a short interest of roughly 0.69%. Days to Cover for the period is 1.42.",1,1
2023-09-20,AAPL,Aapl,5,10
2023-09-14,AAPL,AAPL News along with Price and Volume Analysis By 650-Day Look Back!,1,0
2023-09-07,AAPL,"AAPL Stock: China Ban, Consolidates Previous Gains, Projected To Extend ...",5,3
2023-08-06,AAPL,"[Update] AAPL Stock: On A Modest Breather From Its 52-Highs, Projected T...",5,9
2023-07-05,AAPL,AAPL,2,0
2023-06-17,AAPL,"For those saying trim AAPL, what do you buy?",7,23
2023-05-03,AAPL,AAPL squaring out in price and time,0,5
2023-03-06,AAPL,Will APPLE Remain the #1 Stock? $AAPL Stock Analysis & Price Forecast..,0,6
2023-02-05,AAPL,aapl to the moon,16,12
2023-01-15,AAPL,"Successful investing is not just about analyst ratings, it is about choosing the best analyst for the job. Take Apple (AAPL) analyst Michael Walkley who has an 85% success rating for a 1 year time period.",4,0
2022-12-29,AAPL,$AAPL could fall below $100 - analyst,0,8
2022-12-07,AAPL,AAPL Stock: Sellers Drive The Price Lower But Longer Term Selling Pressu...,2,6
2022-12-06,AAPL,"For anyone holding AAPL, be sure to come THROUGH for open discussions",0,0
2022-11-28,AAPL,UPVOTE this IF YOU ARE HOLDING AAPL LONGTERM,51,9
2022-10-28,AAPL,Why is AAPL poppin' today?,9,16
2022-10-22,AAPL,Apple Costs segmented and visualized [Finchart.co/aapl],5,3
2022-10-21,AAPL,Apple Revenue segmented and visualized [Finchart.co/aapl],3,5
2022-10-17,META,"Tim on to something? I think the meta verse as an investment is overblown, but I think the AR space Tim talks about fits humanoid meets tech aspirations",11,0
2022-10-13,AAPL,A graph showing how much $AAPL you need to buy Apple tech with the dividend. As long as I want pretty much every single product they make Iâ€™ll keep buying/holding.,14,13
2022-09-23,AAPL,"SPRO, BBBY, TSLA, LITM, AMD, MSFT, AAPL, SAVA, COST Stocks On The Move.",1,1
2022-09-18,AAPL,Iâ€™m new to the market. I feel I should invest in AAPL while itâ€™s low. Is anyone else buying right now or do you expect it to fall further?,5,11
2022-08-17,AAPL,AAPL Investors React to Price Target Upgrades in the Stocktwits and Twitter Forums,6,26
